NAME,B2,B3,B4
manmade.concrete.constructionconcrete.solid.all.0598uuucnc.jhu.becknic.spectrum,23.468556117089648,26.225555087691493,24.254234938698488
manmade.generalconstructionmaterial.brick.solid.all.0097uuubrk.jhu.becknic.spectrum,12.358587260927765,14.423562192386127,17.969297151769627
manmade.generalconstructionmaterial.brick.solid.all.0412uuubrk.jhu.becknic.spectrum,4.820063084163646,8.063455491814704,16.221374047951898
manmade.generalconstructionmaterial.brick.solid.all.0413uuubrk.jhu.becknic.spectrum,5.4037016358084475,8.608900650234718,16.675646202783543
manmade.generalconstructionmaterial.cinder.solid.all.0101uuucin.jhu.becknic.spectrum,4.2881286471202715,4.164256109833595,3.546485558077564
manmade.generalconstructionmaterial.glas.solid.all.0796uuugls.jhu.becknic.spectrum,12.933036469771848,11.366941499318154,8.31128270016683
manmade.generalconstructionmaterial.marble.solid.all.0722uuumbl.jhu.becknic.spectrum,81.40713041801965,79.96460623684521,66.33826488944831
manmade.generalconstructionmaterial.paint.solid.all.0385uuupnt.jhu.becknic.spectrum,15.379924552767477,19.181281777835135,9.727179360109195
manmade.generalconstructionmaterial.paint.solid.all.0386uuupnt.jhu.becknic.spectrum,15.529775784088043,19.356027889911804,9.837772977987257
manmade.generalconstructionmaterial.paint.solid.all.0407uuupnt.jhu.becknic.spectrum,16.04867830954515,19.758518939242553,10.09009271897541
manmade.generalconstructionmaterial.paint.solid.all.0408uuupnt.jhu.becknic.spectrum,15.383305630039617,18.987770497814893,9.601962325739624
manmade.generalconstructionmaterial.wood.solid.all.0404uuuwod.jhu.becknic.spectrum,37.89555599529226,52.396305205998395,63.14699097977059
manmade.road.pavingasphalt.solid.all.0674uuuasp.jhu.becknic.spectrum,8.054092469296542,7.643221724548371,6.413377494497737
manmade.roofingmaterial.metal.solid.all.0384uuualm.jhu.becknic.spectrum,52.328339272490375,50.30930922081366,42.69927938019457
manmade.roofingmaterial.metal.solid.all.0525uuustla.jhu.becknic.spectrum,2.7548650266744312,4.330914054552577,6.627364216210889
manmade.roofingmaterial.metal.solid.all.0525uuustlb.jhu.becknic.spectrum,33.55896534845763,30.20927847416884,22.281243263361546
manmade.roofingmaterial.metal.solid.all.0526uuustla.jhu.becknic.spectrum,30.471588671767154,26.122445364871982,18.562172978304915
manmade.roofingmaterial.metal.solid.all.0681uuucop.jhu.becknic.spectrum,14.973040299842154,15.943749795261645,13.65516240511037
manmade.roofingmaterial.metal.solid.all.0682uuucop.jhu.becknic.spectrum,10.638676189887827,17.967433153657122,29.607735140982616
manmade.roofingmaterial.metal.solid.all.0692uuucop.jhu.becknic.spectrum,41.591462740222894,40.21177647394508,18.224316611638695
manmade.roofingmaterial.roofingpaper.solid.all.0522uuutar.jhu.becknic.spectrum,2.674408577176689,2.5374729721949567,2.1739605306745435
manmade.roofingmaterial.roofingpaper.solid.all.0523uuutar.jhu.becknic.spectrum,4.645821743986417,4.19136748885885,3.369486324159133
manmade.roofingmaterial.roofingshingle.solid.all.0490uuuasp.jhu.becknic.spectrum,32.655997283710235,30.402122258944136,24.304289073750162
manmade.roofingmaterial.rubber.solid.all.0795uuurbr.jhu.becknic.spectrum,51.4283163641921,52.353772892974284,45.33289297300541
manmade.roofingmaterial.rubber.solid.all.0833uuurbr.jhu.becknic.spectrum,6.759025058006332,6.273715133974449,5.086084299048843
manmade.roofingmaterial.rubber.solid.all.0834uuurbr.jhu.becknic.spectrum,67.83770172549778,66.36895289082155,56.153843249374134
manmade.roofingmaterial.shingle.solid.all.0597uuuasp.jhu.becknic.spectrum,28.674239470002437,28.05801047571201,23.38660587035422
manmade.roofingmaterial.shingle.solid.all.0672uuuasp.jhu.becknic.spectrum,3.746192884286117,4.091262982283726,4.973394750978915
manmade.roofingmaterial.shingle.solid.all.0680uuusto.jhu.becknic.spectrum,18.344315432315252,17.177249360140866,14.618508339127764
manmade.roofingmaterial.shingle.solid.all.0683uuuasp.jhu.becknic.spectrum,6.6359738433771085,8.194718060453903,15.423706416765265
manmade.roofingmaterial.tile.solid.all.0484uuupot.jhu.becknic.spectrum,10.567925920076888,11.591545276104496,11.383687937054129
nonphotosyntheticvegetation.bark.abies.concolor.vswir.vh311.ucsb.asd.spectrum,11.82751154942677,13.077782300843545,14.096017518431818
nonphotosyntheticvegetation.bark.abies.concolor.vswir.vh315.ucsb.asd.spectrum,7.524227130560243,8.306912792545644,8.119363629550483
nonphotosyntheticvegetation.bark.acer.rubrum.vswir.acru-1-81.ucsb.asd.spectrum,9.837898507273476,11.724598261655043,9.47761134542447
nonphotosyntheticvegetation.bark.acer.rubrum.vswir.acru-2-82.ucsb.asd.spectrum,19.26063181104414,20.89135496202323,19.094357954314674
nonphotosyntheticvegetation.bark.betula.papyrifera.vswir.bepa-1-85.ucsb.asd.spectrum,50.96142128991509,50.6673781938046,44.793305964809086
nonphotosyntheticvegetation.bark.betula.papyrifera.vswir.bepa-2-86.ucsb.asd.spectrum,52.144332790508635,51.255470738975234,43.604644774376276
nonphotosyntheticvegetation.bark.calocedrus.decurrens.vswir.vh312.ucsb.asd.spectrum,19.497087804382886,21.10658626306577,25.038820567939165
nonphotosyntheticvegetation.bark.calocedrus.decurrens.vswir.vh316.ucsb.asd.spectrum,17.499137236906222,19.950747813549793,23.072597408853646
nonphotosyntheticvegetation.bark.pinus.coulteri.vswir.vh342.ucsb.asd.spectrum,8.145879815569794,9.801092305408062,10.116568200375058
nonphotosyntheticvegetation.bark.pinus.coulteri.vswir.vh343.ucsb.asd.spectrum,7.055433036723737,7.841874605328987,7.364140080904529
nonphotosyntheticvegetation.bark.pinus.coulteri.vswir.vh344.ucsb.asd.spectrum,6.729707260389998,7.015164051796114,7.116814526624595
nonphotosyntheticvegetation.bark.pinus.lambertiana.vswir.vh317.ucsb.asd.spectrum,9.023691083917791,9.72266906212326,11.518034108362649
nonphotosyntheticvegetation.bark.pinus.ponderosa.vswir.vh313.ucsb.asd.spectrum,23.035846103337366,23.007738228735313,22.70262546896994
nonphotosyntheticvegetation.bark.pinus.ponderosa.vswir.vh314.ucsb.asd.spectrum,16.97437532266118,16.82779253919703,15.65263070453096
nonphotosyntheticvegetation.bark.pinus.strobus.vswir.pist-1-83.ucsb.asd.spectrum,7.635815361663216,9.119704343904038,13.499690525571134
nonphotosyntheticvegetation.bark.pinus.strobus.vswir.pist-2-84.ucsb.asd.spectrum,9.82321053087472,10.73190672853667,11.021753235633492
nonphotosyntheticvegetation.bark.quercus.rubra.vswir.quru-1-79.ucsb.asd.spectrum,10.031278125156698,11.04062415884819,9.199907815781629
nonphotosyntheticvegetation.bark.quercus.rubra.vswir.quru-2-80.ucsb.asd.spectrum,5.401065478179666,6.86854622834366,5.900931597614277
nonphotosyntheticvegetation.branches.adenostoma.fasciculatum.vswir.vh333.ucsb.asd.spectrum,13.260333128348474,14.301593423579858,15.783772179258236
nonphotosyntheticvegetation.branches.adenostoma.fasciculatum.vswir.vh334.ucsb.asd.spectrum,14.998877333855834,16.006016646902843,17.63007484993127
nonphotosyntheticvegetation.branches.ceanothus.megacarpus.vswir.vh331.ucsb.asd.spectrum,8.599315253442162,8.841110631580452,8.608828183865146
nonphotosyntheticvegetation.branches.ceanothus.megacarpus.vswir.vh332.ucsb.asd.spectrum,10.871155272688316,11.749742076551525,11.022161559907573
nonphotosyntheticvegetation.branches.foeniculum.vulgare.vswir.vh360.ucsb.asd.spectrum,20.469338562770734,21.10957353349346,20.3270407096104
nonphotosyntheticvegetation.branches.foeniculum.vulgare.vswir.vh361.ucsb.asd.spectrum,19.327867479938728,19.810602318018006,18.50321256159921
nonphotosyntheticvegetation.branches.salvia.leucophylla.vswir.vh290.ucsb.asd.spectrum,11.98545577247358,12.843028614356662,13.038350518707269
nonphotosyntheticvegetation.branches.salvia.leucophylla.vswir.vh291.ucsb.asd.spectrum,13.423664556959697,14.223863301727453,14.203642982515106
nonphotosyntheticvegetation.branches.salvia.leucophylla.vswir.vh292.ucsb.asd.spectrum,12.572463457269428,13.207984526455839,13.495544436821998
nonphotosyntheticvegetation.flowers.calocedrus.decrruens.vswir.vh266.ucsb.asd.spectrum,11.966065890263277,21.40336463069914,13.049989113577357
nonphotosyntheticvegetation.flowers.calocedrus.decrruens.vswir.vh267.ucsb.asd.spectrum,10.744859527044543,18.521833263764815,11.053795006067372
nonphotosyntheticvegetation.flowers.calocedrus.decrruens.vswir.vh268.ucsb.asd.spectrum,22.135437983876844,34.52521780346353,30.431936409865386
nonphotosyntheticvegetation.flowers.calocedrus.decurrens.vswir.vh253.ucsb.asd.spectrum,10.697237222887447,21.766955160716766,13.268685695764198
nonphotosyntheticvegetation.flowers.calocedrus.decurrens.vswir.vh266.ucsb.asd.spectrum,11.966065890263277,21.40336463069914,13.049989113577357
nonphotosyntheticvegetation.flowers.calocedrus.decurrens.vswir.vh267.ucsb.asd.spectrum,10.744859527044543,18.521833263764815,11.053795006067372
nonphotosyntheticvegetation.flowers.calocedrus.decurrens.vswir.vh268.ucsb.asd.spectrum,22.135437983876844,34.52521780346353,30.431936409865386
nonphotosyntheticvegetation.leaves.avena.fatua.vswir.vh354.ucsb.asd.spectrum,17.48216044867261,30.116272569042494,24.593956745905203
nonphotosyntheticvegetation.leaves.avena.fatua.vswir.vh355.ucsb.asd.spectrum,13.771243406339948,26.02454330371187,19.319963925742602
nonphotosyntheticvegetation.leaves.none.none.vswir.ll-1-87y.ucsb.asd.spectrum,12.064462351440577,14.468307765240194,18.91895680658428
nonphotosyntheticvegetation.leaves.none.none.vswir.ll-2-89z.ucsb.asd.spectrum,15.916264481660194,19.324717850561367,23.12305458604452
nonphotosyntheticvegetation.leaves.none.none.vswir.vh356.ucsb.asd.spectrum,10.484171717511721,11.860068859051752,13.049411736639762
nonphotosyntheticvegetation.leaves.none.none.vswir.vh357.ucsb.asd.spectrum,16.340783042507173,21.896952977897804,24.956844633181085
nonphotosyntheticvegetation.leaves.none.none.vswir.vh358.ucsb.asd.spectrum,10.92799904395729,12.509612286460156,13.889165040988848
nonphotosyntheticvegetation.leaves.none.none.vswir.vh359.ucsb.asd.spectrum,16.742974707010042,21.588178605593956,26.677155390747245
nonphotosyntheticvegetation.leaves.quercus.species.vswir.vh318.ucsb.asd.spectrum,24.60074606219546,28.98366958365093,32.19271364984941
nonphotosyntheticvegetation.leaves.quercus.species.vswir.vh319.ucsb.asd.spectrum,16.23531788769748,20.36911129941255,23.96372562242316
nonphotosyntheticvegetation.leaves.quercus.species.vswir.vh320.ucsb.asd.spectrum,24.715066582718162,29.219273702811684,32.38134736347874
nonphotosyntheticvegetation.lichen.lichen.species.vswir.vh296.ucsb.asd.spectrum,11.720998578147753,16.970958364353336,14.325112105487376
nonphotosyntheticvegetation.lichen.lichen.species.vswir.vh297.ucsb.asd.spectrum,10.662821962302594,16.23459400473631,13.56812734595118
nonphotosyntheticvegetation.lichen.lichen.species.vswir.vh298.ucsb.asd.spectrum,12.399381666100522,18.63258329465683,14.840053403605369
nonphotosyntheticvegetation.lichen.lichen.species.vswir.vh307.ucsb.asd.spectrum,3.566374064449539,4.2294083790462285,4.839022018512554
nonphotosyntheticvegetation.needles.abies.concolor.vswir.vh325.ucsb.asd.spectrum,11.405647726120893,13.87464047449427,19.2723605095479
nonphotosyntheticvegetation.needles.abies.concolor.vswir.vh326.ucsb.asd.spectrum,11.879883078392265,14.179424136719623,19.128987800122637
nonphotosyntheticvegetation.needles.abies.concolor.vswir.vh327.ucsb.asd.spectrum,12.846058875082017,15.471772542574241,20.82451049523625
nonphotosyntheticvegetation.needles.pinus.coulteri.vswir.vh339.ucsb.asd.spectrum,13.146267287817334,16.678142666962017,22.771911209313355
nonphotosyntheticvegetation.needles.pinus.coulteri.vswir.vh340.ucsb.asd.spectrum,9.854024879060889,12.271268965251581,16.38599958003637
nonphotosyntheticvegetation.needles.pinus.coulteri.vswir.vh341.ucsb.asd.spectrum,8.518429634263674,10.50702163510126,13.190479946349454
nonphotosyntheticvegetation.needles.pinus.lambertiana.vswir.vh328.ucsb.asd.spectrum,11.610696568701234,15.309526938217928,26.93709844060166
nonphotosyntheticvegetation.needles.pinus.lambertiana.vswir.vh329.ucsb.asd.spectrum,10.689436640154053,14.417923999786554,26.042877198457255
nonphotosyntheticvegetation.needles.pinus.lambertiana.vswir.vh330.ucsb.asd.spectrum,12.529467491752017,16.32989631722306,26.494583100038746
nonphotosyntheticvegetation.needles.pinus.ponderosa.vswir.vh322.ucsb.asd.spectrum,13.302776161850836,17.6498856366514,26.38902129316219
nonphotosyntheticvegetation.needles.pinus.ponderosa.vswir.vh323.ucsb.asd.spectrum,15.548712454641203,20.05717726934363,30.583038123413754
nonphotosyntheticvegetation.needles.pinus.ponderosa.vswir.vh324.ucsb.asd.spectrum,10.25401063865932,13.435027123190672,21.373075765760476
vegetation.grass.avena.fatua.vswir.vh352.ucsb.asd.spectrum,13.491717102524492,21.461452486560393,8.76517909346938
vegetation.grass.avena.fatua.vswir.vh353.ucsb.asd.spectrum,11.08961305476309,19.596593250015417,7.29366395874534
vegetation.grass.bromus.diandrus.vswir.vh350.ucsb.asd.spectrum,13.875808866796202,23.060140921597476,9.527619374507356
vegetation.grass.bromus.diandrus.vswir.vh351.ucsb.asd.spectrum,11.077744269417945,19.678799375239997,7.3830337775649255
vegetation.grass.unknown.unknown.all.grass.jhu.becknic.spectrum,5.434775546117819,10.639406499552832,3.808494391157996
vegetation.shrub.adenostoma.fasciculatum.vswir.vh033.ucsb.asd.spectrum,3.708398954326574,6.560253178189339,3.087831611707182
vegetation.shrub.adenostoma.fasciculatum.vswir.vh034.ucsb.asd.spectrum,4.494583312561863,8.629520394437726,3.854835509663146
vegetation.shrub.adenostoma.fasciculatum.vswir.vh041.ucsb.asd.spectrum,3.7399835908390764,6.69574316664587,2.8980070058905723
vegetation.shrub.adenostoma.fasciculatum.vswir.vh042.ucsb.asd.spectrum,5.005325266686828,11.59582532864282,3.631647412009872
vegetation.shrub.adenostoma.fasciculatum.vswir.vh043.ucsb.asd.spectrum,2.2116733340963894,5.063676386012824,1.6282342527545746
vegetation.shrub.adenostoma.fasciculatum.vswir.vh044.ucsb.asd.spectrum,6.234914707399547,12.93753081873278,4.891308740777374
vegetation.shrub.adenostoma.fasciculatum.vswir.vh111.ucsb.asd.spectrum,3.4515917559165508,6.263087899195217,2.7843103720927984
vegetation.shrub.adenostoma.fasciculatum.vswir.vh112.ucsb.asd.spectrum,4.5374786606186195,8.222402270545357,4.005368819931762
vegetation.shrub.adenostoma.fasciculatum.vswir.vh113.ucsb.asd.spectrum,3.035773740306,5.580156492401962,2.311807350348784
vegetation.shrub.adenostoma.fasciculatum.vswir.vh114.ucsb.asd.spectrum,4.988024437108885,9.617514720013762,4.121091793955686
vegetation.shrub.adenostoma.fasciculatum.vswir.vh115.ucsb.asd.spectrum,2.3764017898543943,4.236595680662973,1.9758897736368324
vegetation.shrub.adenostoma.fasciculatum.vswir.vh116.ucsb.asd.spectrum,4.625582093379877,9.258260238101446,3.719171831191855
vegetation.shrub.adenostoma.fasciculatum.vswir.vh217.ucsb.asd.spectrum,4.7604394795956955,7.889057403603029,7.343023602818853
vegetation.shrub.adenostoma.fasciculatum.vswir.vh218.ucsb.asd.spectrum,3.442680303190665,6.687579879140414,2.697459397211427
vegetation.shrub.adenostoma.fasciculatum.vswir.vh219.ucsb.asd.spectrum,4.284571614364755,6.836212147349036,6.762129620095259
vegetation.shrub.adenostoma.fasciculatum.vswir.vh220.ucsb.asd.spectrum,3.774097845282959,6.484986193060186,3.079830965034953
vegetation.shrub.adenostoma.fasciculatum.vswir.vh221.ucsb.asd.spectrum,3.819388238950851,6.437826128212772,5.2815682260463594
vegetation.shrub.adenostoma.fasciculatum.vswir.vh222.ucsb.asd.spectrum,4.286461763590941,8.101076592168248,3.6592100626502098
vegetation.shrub.agave.attenuata.vswir.jpl060.jpl.asd.spectrum,14.316625755241551,21.966334617627197,9.061942086407504
vegetation.shrub.agave.attenuata.vswir.jpl061.jpl.asd.spectrum,17.33444030300463,23.31693028450095,10.269168855597913
vegetation.shrub.agave.attenuata.vswir.jpl062.jpl.asd.spectrum,12.110450285228657,18.167438068513274,7.952375786933954
vegetation.shrub.agave.attenuata.vswir.jpl063.jpl.asd.spectrum,11.886102567219014,22.611583987166533,7.831725219877321
vegetation.shrub.agave.attenuata.vswir.jpl106.jpl.asd.spectrum,10.898371604695152,22.115363349482973,7.18478898479512
vegetation.shrub.aloe.arborescens.vswir.jpl075.jpl.asd.spectrum,11.374704936378075,17.07675759026177,7.316497199094354
vegetation.shrub.aloe.arborescens.vswir.jpl076.jpl.asd.spectrum,10.239385858886353,14.973855138092805,6.147942068269593
vegetation.shrub.aloe.arborescens.vswir.jpl077.jpl.asd.spectrum,13.071800368338614,16.543933708000335,8.417805924199792
vegetation.shrub.aloe.arborescens_flower.vswir.jpl072.jpl.asd.spectrum,2.3820072109853077,3.961560899538818,9.962633272928509
vegetation.shrub.aloe.arborescens_flower.vswir.jpl073.jpl.asd.spectrum,5.962195675782118,8.770368733471589,27.248063970058606
vegetation.shrub.aloe.arborescens_flower.vswir.jpl074.jpl.asd.spectrum,5.637178835724035,8.768203833957184,18.611210654723347
vegetation.shrub.arctostaphylos.glandulosa.vswir.vh035.ucsb.asd.spectrum,10.625636291943499,17.9786120382551,7.1763637092326
vegetation.shrub.arctostaphylos.glandulosa.vswir.vh036.ucsb.asd.spectrum,8.885558255107577,15.062078048992674,6.071083725443395
vegetation.shrub.arctostaphylos.glandulosa.vswir.vh037.ucsb.asd.spectrum,10.718944362138325,15.792188626133548,7.322617394506925
vegetation.shrub.arctostaphylos.glandulosa.vswir.vh038.ucsb.asd.spectrum,14.691419525396952,21.164014190247926,10.656035338356945
vegetation.shrub.arctostaphylos.glandulosa.vswir.vh039.ucsb.asd.spectrum,10.73391498791904,15.403784676033604,7.328578773439947
vegetation.shrub.arctostaphylos.glandulosa.vswir.vh040.ucsb.asd.spectrum,10.771119627200635,15.995220898222325,7.799167315154865
vegetation.shrub.arctostaphylos.glandulosa.vswir.vh117.ucsb.asd.spectrum,7.216314729581644,11.239811233484412,4.8838298210071285
vegetation.shrub.arctostaphylos.glandulosa.vswir.vh118.ucsb.asd.spectrum,13.305213611701951,18.851369860276822,9.790582037489205
vegetation.shrub.arctostaphylos.glandulosa.vswir.vh119.ucsb.asd.spectrum,9.683514853531673,13.996209189151086,6.5674846716989785
vegetation.shrub.arctostaphylos.glandulosa.vswir.vh120.ucsb.asd.spectrum,11.069843729296524,16.068435801012146,8.391734917170314
vegetation.shrub.arctostaphylos.glandulosa.vswir.vh121.ucsb.asd.spectrum,10.646575371246996,15.639456411093438,7.311406275602922
vegetation.shrub.arctostaphylos.glandulosa.vswir.vh122.ucsb.asd.spectrum,13.271085554001052,18.400266642084105,10.573290183340031
vegetation.shrub.arctostaphylos.glandulosa.vswir.vh225.ucsb.asd.spectrum,10.519598465288256,16.778720726367656,8.183624969655677
vegetation.shrub.arctostaphylos.glandulosa.vswir.vh226.ucsb.asd.spectrum,12.448244373643945,18.558591540984636,8.908986876409156
vegetation.shrub.arctostaphylos.glandulosa.vswir.vh227.ucsb.asd.spectrum,11.31797261410309,18.699737398044057,8.622096141260904
vegetation.shrub.arctostaphylos.glandulosa.vswir.vh228.ucsb.asd.spectrum,12.98746408648109,18.692512480204304,9.408936280532373
vegetation.shrub.arctostaphylos.glandulosa.vswir.vh229.ucsb.asd.spectrum,12.438052143631277,20.299520714857355,9.72350210206306
vegetation.shrub.arctostaphylos.glandulosa.vswir.vh230.ucsb.asd.spectrum,14.066498284988032,23.166319278899568,10.710884636397324
vegetation.shrub.baccharis.pilularis.vswir.vh001.ucsb.asd.spectrum,6.108057828143736,10.399958007716673,4.178048075170056
vegetation.shrub.baccharis.pilularis.vswir.vh002.ucsb.asd.spectrum,7.619715658890066,14.755473283666495,5.243154073877249
vegetation.shrub.baccharis.pilularis.vswir.vh003.ucsb.asd.spectrum,6.835975782638571,10.742995871468985,4.726096585866601
vegetation.shrub.baccharis.pilularis.vswir.vh004.ucsb.asd.spectrum,7.897872098223898,15.172988402668526,5.2210400012107225
vegetation.shrub.baccharis.pilularis.vswir.vh005.ucsb.asd.spectrum,7.284389866064916,12.493727739041345,4.847832468021308
vegetation.shrub.baccharis.pilularis.vswir.vh006.ucsb.asd.spectrum,7.449808803046982,15.580589416242436,5.122205099574059
vegetation.shrub.baccharis.pilularis.vswir.vh031.ucsb.asd.spectrum,8.27949533718681,11.519348349384549,5.5965044415917005
vegetation.shrub.baccharis.pilularis.vswir.vh032.ucsb.asd.spectrum,5.821782049225969,9.668335438602783,4.102260586144808
vegetation.shrub.baccharis.pilularis.vswir.vh045.ucsb.asd.spectrum,3.4029904337732577,5.428613710906509,2.3711088084800838
vegetation.shrub.baccharis.pilularis.vswir.vh046.ucsb.asd.spectrum,6.612928376955596,10.667898153387366,4.843264431964244
vegetation.shrub.baccharis.pilularis.vswir.vh047.ucsb.asd.spectrum,9.796504728394854,11.847096532876584,6.792872247791441
vegetation.shrub.baccharis.pilularis.vswir.vh048.ucsb.asd.spectrum,5.680671992258466,10.045658329002968,4.450870707232382
vegetation.shrub.baccharis.pilularis.vswir.vh097.ucsb.asd.spectrum,8.581768583274165,13.536341276886283,6.092071427797897
vegetation.shrub.baccharis.pilularis.vswir.vh098.ucsb.asd.spectrum,6.373978864865649,10.757579324416403,4.479402928071868
vegetation.shrub.baccharis.pilularis.vswir.vh099.ucsb.asd.spectrum,8.28270987114347,14.314000348952167,5.673754332792021
vegetation.shrub.baccharis.pilularis.vswir.vh100.ucsb.asd.spectrum,6.485940602827513,11.071408906132122,4.695836102712048
vegetation.shrub.baccharis.pilularis.vswir.vh101.ucsb.asd.spectrum,9.010952327747322,14.523278872846301,6.168803377161338
vegetation.shrub.baccharis.pilularis.vswir.vh102.ucsb.asd.spectrum,6.926772042183836,12.24419038842292,4.867282506923757
vegetation.shrub.baccharis.pilularis.vswir.vh109.ucsb.asd.spectrum,6.381010682774334,9.810442999305241,4.521470742462818
vegetation.shrub.baccharis.pilularis.vswir.vh110.ucsb.asd.spectrum,7.955584313818308,12.517929614944318,5.51443233404254
vegetation.shrub.baccharis.pilularis.vswir.vh123.ucsb.asd.spectrum,8.005606506362481,12.001913468030343,5.505155963660152
vegetation.shrub.baccharis.pilularis.vswir.vh124.ucsb.asd.spectrum,6.679220634730489,11.337663919148834,4.569580574233358
vegetation.shrub.baccharis.pilularis.vswir.vh125.ucsb.asd.spectrum,5.642916279294171,7.905750361733015,3.9620857415934987
vegetation.shrub.baccharis.pilularis.vswir.vh126.ucsb.asd.spectrum,6.082956908119246,8.996216326760807,4.275326848354997
vegetation.shrub.baccharis.pilularis.vswir.vh193.ucsb.asd.spectrum,9.747608996791337,13.98646910927307,7.133437259162264
vegetation.shrub.baccharis.pilularis.vswir.vh194.ucsb.asd.spectrum,10.298252181341608,14.380634277909405,7.919378382159186
vegetation.shrub.baccharis.pilularis.vswir.vh195.ucsb.asd.spectrum,10.319516481285518,17.107627459330452,7.2472005638882315
vegetation.shrub.baccharis.pilularis.vswir.vh196.ucsb.asd.spectrum,8.352505428374933,12.919769916355268,6.2067417713238315
vegetation.shrub.baccharis.pilularis.vswir.vh197.ucsb.asd.spectrum,9.546499061204601,14.457931751042572,7.101195559252375
vegetation.shrub.baccharis.pilularis.vswir.vh198.ucsb.asd.spectrum,12.661258034881612,18.878420857778686,9.408774293705461
vegetation.shrub.baccharis.pilularis.vswir.vh223.ucsb.asd.spectrum,5.804859905527473,9.93234555259144,4.452596900514562
vegetation.shrub.baccharis.pilularis.vswir.vh224.ucsb.asd.spectrum,8.95614190420691,11.818173469022154,6.494060705875789
vegetation.shrub.baccharis.pilularis.vswir.vh231.ucsb.asd.spectrum,4.99873706927534,7.164976559506223,3.707309966216286
vegetation.shrub.baccharis.pilularis.vswir.vh232.ucsb.asd.spectrum,9.00064037713737,11.48330768422966,6.450087027324827
vegetation.shrub.baccharis.pilularis.vswir.vh233.ucsb.asd.spectrum,8.425285386650284,15.087682652502192,6.2061084495059236
vegetation.shrub.baccharis.pilularis.vswir.vh234.ucsb.asd.spectrum,6.449092624947096,12.036877250767892,4.678979711209866
vegetation.shrub.calocedrus.decrruens.vswir.vh049.ucsb.asd.spectrum,8.067066562664124,14.23976739084328,5.445243658858332
vegetation.shrub.calocedrus.decrruens.vswir.vh050.ucsb.asd.spectrum,9.16332633985109,18.240668631571626,5.918111330704732
vegetation.shrub.calocedrus.decrruens.vswir.vh055.ucsb.asd.spectrum,7.464343759683432,13.264308481652817,5.083502799761619
vegetation.shrub.calocedrus.decrruens.vswir.vh056.ucsb.asd.spectrum,8.434296322486668,16.20420088855778,5.356582534357224
vegetation.shrub.calocedrus.decrruens.vswir.vh059.ucsb.asd.spectrum,8.46253360894921,15.807289302618509,6.156162522269284
vegetation.shrub.calocedrus.decrruens.vswir.vh060.ucsb.asd.spectrum,6.824855025459469,12.586850330480846,4.733234628547999
vegetation.shrub.calocedrus.decrruens.vswir.vh145.ucsb.asd.spectrum,7.718365053082376,14.256159885252753,5.15070670829103
vegetation.shrub.calocedrus.decrruens.vswir.vh146.ucsb.asd.spectrum,9.424249654687781,19.524006723239413,5.726999305617146
vegetation.shrub.calocedrus.decrruens.vswir.vh151.ucsb.asd.spectrum,10.268879316154598,16.913708163277345,6.949075189063893
vegetation.shrub.calocedrus.decrruens.vswir.vh152.ucsb.asd.spectrum,8.184683684856884,16.22054885618411,4.847911739931412
vegetation.shrub.calocedrus.decrruens.vswir.vh155.ucsb.asd.spectrum,8.769779302890003,13.365212258054544,5.850940785902325
vegetation.shrub.calocedrus.decrruens.vswir.vh156.ucsb.asd.spectrum,8.032892993881934,12.935520906129705,5.0852822479764095
vegetation.shrub.calocedrus.decrruens.vswir.vh241.ucsb.asd.spectrum,10.348973911243704,16.655850463827818,7.36733285843454
vegetation.shrub.calocedrus.decrruens.vswir.vh242.ucsb.asd.spectrum,7.655443942964473,13.984150102285996,5.461292446282179
vegetation.shrub.calocedrus.decrruens.vswir.vh247.ucsb.asd.spectrum,8.757864418888087,15.31638429991519,5.949009646409797
vegetation.shrub.calocedrus.decrruens.vswir.vh248.ucsb.asd.spectrum,8.689513624607953,16.64072711101506,5.456702407636817
vegetation.shrub.calocedrus.decrruens.vswir.vh251.ucsb.asd.spectrum,7.265108971974528,11.609901876225708,5.0669247303710225
vegetation.shrub.calocedrus.decrruens.vswir.vh252.ucsb.asd.spectrum,8.464501811989656,14.30628252593692,5.558730933340022
vegetation.shrub.calocedrus.decrruens.vswir.vh253.ucsb.asd.spectrum,10.697237222887447,21.766955160716766,13.268685695764198
vegetation.shrub.ceanothus.megacarpus.vswir.vh019.ucsb.asd.spectrum,5.974917943099072,8.376556494695253,4.100592682495149
vegetation.shrub.ceanothus.megacarpus.vswir.vh020.ucsb.asd.spectrum,3.201676914604177,6.211754005415424,2.2144017520808768
vegetation.shrub.ceanothus.megacarpus.vswir.vh021.ucsb.asd.spectrum,5.564613961689367,8.559548621310448,3.8243919644662636
vegetation.shrub.ceanothus.megacarpus.vswir.vh022.ucsb.asd.spectrum,6.0273433346176875,9.327570634554121,4.1671285300293155
vegetation.shrub.ceanothus.megacarpus.vswir.vh023.ucsb.asd.spectrum,9.689248744086594,11.845409171639512,6.788311766085433
vegetation.shrub.ceanothus.megacarpus.vswir.vh024.ucsb.asd.spectrum,7.460558459701563,10.125714966749069,5.113344033400963
vegetation.shrub.ceanothus.megacarpus.vswir.vh139.ucsb.asd.spectrum,8.644695858791785,10.381135950784458,6.178168289471529
vegetation.shrub.ceanothus.megacarpus.vswir.vh140.ucsb.asd.spectrum,8.021045046127371,12.114516687333296,5.545212830451879
vegetation.shrub.ceanothus.megacarpus.vswir.vh141.ucsb.asd.spectrum,6.094216406586511,9.603543766709148,4.324458154126108
vegetation.shrub.ceanothus.megacarpus.vswir.vh142.ucsb.asd.spectrum,6.165205360683853,9.32948750747173,4.3604107182389535
vegetation.shrub.ceanothus.megacarpus.vswir.vh143.ucsb.asd.spectrum,5.755387660522015,8.915118664503085,4.096115466827675
vegetation.shrub.ceanothus.megacarpus.vswir.vh144.ucsb.asd.spectrum,6.284201049815213,9.503572644453275,4.359558230332942
vegetation.shrub.ceanothus.megacarpus.vswir.vh211.ucsb.asd.spectrum,7.621925387876326,12.164649318187145,5.88375373112398
vegetation.shrub.ceanothus.megacarpus.vswir.vh212.ucsb.asd.spectrum,7.414594834994229,12.528052701612712,5.782513671675527
vegetation.shrub.ceanothus.megacarpus.vswir.vh213.ucsb.asd.spectrum,7.707543369685394,12.919415257501168,5.860399765834745
vegetation.shrub.ceanothus.megacarpus.vswir.vh214.ucsb.asd.spectrum,8.156388973898826,14.039635928513272,6.77056769570625
vegetation.shrub.ceanothus.megacarpus.vswir.vh215.ucsb.asd.spectrum,7.177207340093129,11.467144610529374,5.437358521506259
vegetation.shrub.ceanothus.megacarpus.vswir.vh216.ucsb.asd.spectrum,10.135852287808389,16.640038767792554,9.10206603068094
vegetation.shrub.ceanothus.spinosus.vswir.vh007.ucsb.asd.spectrum,7.976115334643606,10.417357841066659,5.681545931115138
vegetation.shrub.ceanothus.spinosus.vswir.vh008.ucsb.asd.spectrum,6.323239701996962,8.97412714183854,4.404860621479839
vegetation.shrub.ceanothus.spinosus.vswir.vh009.ucsb.asd.spectrum,8.878865233709684,11.070765775840158,6.230085198053196
vegetation.shrub.ceanothus.spinosus.vswir.vh010.ucsb.asd.spectrum,6.165616966274518,10.37481058684235,4.119621507310867
vegetation.shrub.ceanothus.spinosus.vswir.vh011.ucsb.asd.spectrum,13.79316137396905,15.842747776107698,9.844077362409221
vegetation.shrub.ceanothus.spinosus.vswir.vh012.ucsb.asd.spectrum,11.406705291774433,15.748455482744644,7.824579155139106
vegetation.shrub.ceanothus.spinosus.vswir.vh127.ucsb.asd.spectrum,9.405104383347641,12.891132134938307,6.453832794385197
vegetation.shrub.ceanothus.spinosus.vswir.vh128.ucsb.asd.spectrum,8.017928998891975,11.84705385553749,5.588025041577279
vegetation.shrub.ceanothus.spinosus.vswir.vh129.ucsb.asd.spectrum,7.8617641373514,12.003671410790309,5.576741828750946
vegetation.shrub.ceanothus.spinosus.vswir.vh130.ucsb.asd.spectrum,9.825000179960506,14.120999048874442,6.764385133171153
vegetation.shrub.ceanothus.spinosus.vswir.vh131.ucsb.asd.spectrum,13.652209295078896,16.90731362907437,9.674988167820565
vegetation.shrub.ceanothus.spinosus.vswir.vh132.ucsb.asd.spectrum,9.088115242906554,12.98918534650602,6.246667030631189
vegetation.shrub.ceanothus.spinosus.vswir.vh199.ucsb.asd.spectrum,12.16486255333355,17.43106492430796,8.895592261384285
vegetation.shrub.ceanothus.spinosus.vswir.vh200.ucsb.asd.spectrum,10.751134600500793,13.747071383870635,8.247340915720907
vegetation.shrub.ceanothus.spinosus.vswir.vh201.ucsb.asd.spectrum,8.09827335397005,14.29614528442791,6.504284899837185
vegetation.shrub.ceanothus.spinosus.vswir.vh202.ucsb.asd.spectrum,12.594794283209698,16.610531813310203,9.067477679964794
vegetation.shrub.ceanothus.spinosus.vswir.vh203.ucsb.asd.spectrum,13.992728453289228,19.75683206881144,10.656414748791285
vegetation.shrub.ceanothus.spinosus.vswir.vh204.ucsb.asd.spectrum,12.446747003049262,17.701854650099285,9.034408837241076
vegetation.shrub.gasteria.acinacifolia.vswir.jpl143.jpl.asd.spectrum,4.782285597748833,7.045670668216003,3.6263349950347274
vegetation.shrub.heteromeles.arbutifolia.vswir.vh013.ucsb.asd.spectrum,3.9357993359933925,6.255131017784436,2.639453335350727
vegetation.shrub.heteromeles.arbutifolia.vswir.vh014.ucsb.asd.spectrum,7.559163381035758,10.55177782191819,5.1263570610304665
vegetation.shrub.heteromeles.arbutifolia.vswir.vh015.ucsb.asd.spectrum,6.245433740679552,8.001001442144307,4.288162025625441
vegetation.shrub.heteromeles.arbutifolia.vswir.vh016.ucsb.asd.spectrum,6.7243481920903605,9.219763599414618,4.546992613415217
vegetation.shrub.heteromeles.arbutifolia.vswir.vh017.ucsb.asd.spectrum,2.2554221230079685,4.3166511095299205,1.4886931669589623
vegetation.shrub.heteromeles.arbutifolia.vswir.vh018.ucsb.asd.spectrum,8.871151440533946,14.118568798761197,5.942789818249005
vegetation.shrub.heteromeles.arbutifolia.vswir.vh133.ucsb.asd.spectrum,6.216513127141853,9.441498095268402,4.084165775419833
vegetation.shrub.heteromeles.arbutifolia.vswir.vh134.ucsb.asd.spectrum,8.209474243312876,11.220530152922493,5.679889113816652
vegetation.shrub.heteromeles.arbutifolia.vswir.vh135.ucsb.asd.spectrum,8.053018495922112,12.006560998807435,5.461804544385397
vegetation.shrub.heteromeles.arbutifolia.vswir.vh136.ucsb.asd.spectrum,12.267258199786966,17.829979499278984,8.164406953728482
vegetation.shrub.heteromeles.arbutifolia.vswir.vh137.ucsb.asd.spectrum,6.049992296840451,9.391052360253266,4.106652262141422
vegetation.shrub.heteromeles.arbutifolia.vswir.vh138.ucsb.asd.spectrum,7.317292396672043,11.685488336256787,4.922755676795295
vegetation.shrub.heteromeles.arbutifolia.vswir.vh205.ucsb.asd.spectrum,11.451054400921826,15.09265634414024,8.21479778189769
vegetation.shrub.heteromeles.arbutifolia.vswir.vh206.ucsb.asd.spectrum,12.509942592426228,15.528950388051527,8.78731568096094
vegetation.shrub.heteromeles.arbutifolia.vswir.vh207.ucsb.asd.spectrum,19.006144234820816,23.194968308706436,13.355115050057453
vegetation.shrub.heteromeles.arbutifolia.vswir.vh208.ucsb.asd.spectrum,14.21604228108126,17.027405845451067,9.878907998799606
vegetation.shrub.heteromeles.arbutifolia.vswir.vh209.ucsb.asd.spectrum,9.734572384696932,13.941912669444257,6.756605729427946
vegetation.shrub.heteromeles.arbutifolia.vswir.vh210.ucsb.asd.spectrum,10.805172346688108,13.590884510727177,7.631188612881391
vegetation.shrub.juniperus.chinensis.vswir.jpl097.jpl.asd.spectrum,5.495753824359266,8.634247589442248,3.29086115520672
vegetation.shrub.juniperus.chinensis.vswir.jpl098.jpl.asd.spectrum,6.294799377420496,8.862793128324194,3.930027949503308
vegetation.shrub.portulacaria.afra.vswir.jpl064.jpl.asd.spectrum,6.607363147088862,12.400679674709789,4.550538099691359
vegetation.shrub.portulacaria.afra_lowform.vswir.jpl065.jpl.asd.spectrum,8.719135589345187,13.602689692343073,6.136093427927872
vegetation.shrub.portulacaria.afra_variegata.vswir.jpl066.jpl.asd.spectrum,18.340228410154406,25.722366399540004,17.258823411591653
vegetation.shrub.puya.venusta.vswir.jpl078.jpl.asd.spectrum,20.8611427578284,23.270671654157884,14.602202838078373
vegetation.shrub.puya.venusta.vswir.jpl079.jpl.asd.spectrum,22.457664307892163,24.553142835777603,15.497658487693064
vegetation.shrub.puya.venusta.vswir.jpl080.jpl.asd.spectrum,17.784490482563296,20.51392374529041,12.57293887203631
vegetation.shrub.puya.venusta.vswir.jpl081.jpl.asd.spectrum,18.00349017979282,20.33354854413353,12.870415016565653
vegetation.shrub.salvia.leucophylla.vswir.vh091.ucsb.asd.spectrum,13.285885256599272,18.386775519368488,10.474240660541525
vegetation.shrub.salvia.leucophylla.vswir.vh092.ucsb.asd.spectrum,21.911847719168957,22.902084031835,16.831004799992655
vegetation.shrub.salvia.leucophylla.vswir.vh093.ucsb.asd.spectrum,11.598115225125689,20.794609276709963,9.666132530011902
vegetation.shrub.salvia.leucophylla.vswir.vh094.ucsb.asd.spectrum,18.609247461789412,21.59511009271857,14.031974039554617
vegetation.shrub.salvia.leucophylla.vswir.vh095.ucsb.asd.spectrum,11.211393939272819,16.19506700265545,8.936263667194522
vegetation.shrub.salvia.leucophylla.vswir.vh096.ucsb.asd.spectrum,17.622247303045214,19.199032312278863,13.744679123296006
vegetation.shrub.salvia.leucophylla.vswir.vh187.ucsb.asd.spectrum,14.961696026091843,22.181688168002395,14.46230338174589
vegetation.shrub.salvia.leucophylla.vswir.vh188.ucsb.asd.spectrum,20.230432853267235,22.347743530510186,16.764020693290796
vegetation.shrub.salvia.leucophylla.vswir.vh189.ucsb.asd.spectrum,11.636448046234454,18.030650733286308,12.568464047969323
vegetation.shrub.salvia.leucophylla.vswir.vh190.ucsb.asd.spectrum,13.703461622320985,17.081524778867255,11.829751736103717
vegetation.shrub.salvia.leucophylla.vswir.vh191.ucsb.asd.spectrum,12.68544878769917,19.039549203448132,16.887581601826447
vegetation.shrub.salvia.leucophylla.vswir.vh192.ucsb.asd.spectrum,14.591575439101664,18.63369289822061,14.68596273406272
vegetation.shrub.salvia.leucophylla.vswir.vh287.ucsb.asd.spectrum,19.437002427479047,21.33779664680205,17.993192293652108
vegetation.shrub.salvia.leucophylla.vswir.vh288.ucsb.asd.spectrum,23.437239774693214,26.778980198216345,21.731434558406058
vegetation.shrub.salvia.leucophylla.vswir.vh289.ucsb.asd.spectrum,17.382768778080738,20.763029777493855,19.244903341627822
vegetation.shrub.umbellularia.californica.vswir.vh025.ucsb.asd.spectrum,8.886892976036098,13.853178293550332,6.169734824362951
vegetation.shrub.umbellularia.californica.vswir.vh026.ucsb.asd.spectrum,9.102119394273439,13.634026450825269,6.496598757684264
vegetation.shrub.umbellularia.californica.vswir.vh027.ucsb.asd.spectrum,7.633736256328829,11.591903952579216,5.190999870733748
vegetation.shrub.umbellularia.californica.vswir.vh028.ucsb.asd.spectrum,6.948987490924801,12.139168184154771,5.013483136345885
vegetation.shrub.umbellularia.californica.vswir.vh029.ucsb.asd.spectrum,10.894203474350354,14.896040689593926,7.639432298926676
vegetation.shrub.umbellularia.californica.vswir.vh030.ucsb.asd.spectrum,7.547664094399808,12.450132281690166,5.294886695380567
vegetation.shrub.umbellularia.californica.vswir.vh103.ucsb.asd.spectrum,10.755962409775236,16.34728898801817,7.313972026427359
vegetation.shrub.umbellularia.californica.vswir.vh104.ucsb.asd.spectrum,7.400593356046692,17.749393952694863,4.793392448913632
vegetation.shrub.umbellularia.californica.vswir.vh105.ucsb.asd.spectrum,10.565905183568885,15.392457287619173,7.148972119363145
vegetation.shrub.umbellularia.californica.vswir.vh106.ucsb.asd.spectrum,8.340132421186636,15.807892966456386,5.4978971110218335
vegetation.shrub.umbellularia.californica.vswir.vh107.ucsb.asd.spectrum,7.07831132063814,11.693112296409636,4.716453643276002
vegetation.shrub.umbellularia.californica.vswir.vh108.ucsb.asd.spectrum,12.059289178370399,17.82614292285795,8.350498923906258
vegetation.shrub.umbellularia.californica.vswir.vh235.ucsb.asd.spectrum,11.648156758371105,20.008569267075128,8.161568533701207
vegetation.shrub.umbellularia.californica.vswir.vh236.ucsb.asd.spectrum,11.904897747808242,24.0250144954874,8.653505295294092
vegetation.shrub.umbellularia.californica.vswir.vh237.ucsb.asd.spectrum,15.990065887981086,23.654816395178408,11.242283938520371
vegetation.shrub.umbellularia.californica.vswir.vh238.ucsb.asd.spectrum,21.334781523889703,30.437717303964124,15.942709975436022
vegetation.shrub.umbellularia.californica.vswir.vh239.ucsb.asd.spectrum,11.049654340535866,18.904631435165136,8.116112825792877
vegetation.shrub.umbellularia.californica.vswir.vh240.ucsb.asd.spectrum,12.005306381750804,19.288358297615925,8.367801984843299
vegetation.tree.abies.concolor.vswir.vh053.ucsb.asd.spectrum,9.001796586623614,12.331412664340654,6.525335763611203
vegetation.tree.abies.concolor.vswir.vh054.ucsb.asd.spectrum,8.76615357476866,13.66995272360826,5.637939183313517
vegetation.tree.abies.concolor.vswir.vh063.ucsb.asd.spectrum,10.865360463998073,14.445062181049499,6.819068164736668
vegetation.tree.abies.concolor.vswir.vh064.ucsb.asd.spectrum,10.724559687617935,17.22348236268526,6.357106854092311
vegetation.tree.abies.concolor.vswir.vh071.ucsb.asd.spectrum,11.668486016312873,16.25414696059767,7.893370250616395
vegetation.tree.abies.concolor.vswir.vh072.ucsb.asd.spectrum,8.796943198226455,13.257513785148014,5.3589021635723615
vegetation.tree.abies.concolor.vswir.vh149.ucsb.asd.spectrum,9.349309752765015,13.893869781785323,6.66939714469566
vegetation.tree.abies.concolor.vswir.vh150.ucsb.asd.spectrum,7.638420086695711,12.41666741580901,4.907767235771228
vegetation.tree.abies.concolor.vswir.vh159.ucsb.asd.spectrum,8.423152295796633,12.69407582691089,5.757213745997351
vegetation.tree.abies.concolor.vswir.vh160.ucsb.asd.spectrum,11.121072031169785,17.00775214104086,6.789195952280241
vegetation.tree.abies.concolor.vswir.vh167.ucsb.asd.spectrum,10.876254448635008,15.93280056194115,7.319881238958745
vegetation.tree.abies.concolor.vswir.vh168.ucsb.asd.spectrum,8.355815026868958,12.676809161371386,5.315630863752362
vegetation.tree.abies.concolor.vswir.vh245.ucsb.asd.spectrum,12.722729740904393,17.454156051820117,8.493239456682375
vegetation.tree.abies.concolor.vswir.vh246.ucsb.asd.spectrum,13.247638927043988,19.63836431483621,8.383190448621656
vegetation.tree.abies.concolor.vswir.vh256.ucsb.asd.spectrum,12.62440320549812,16.864361365251952,8.610025207970061
vegetation.tree.abies.concolor.vswir.vh257.ucsb.asd.spectrum,14.104441602663856,19.837465346620025,9.338622286700858
vegetation.tree.abies.concolor.vswir.vh264.ucsb.asd.spectrum,10.057363212144605,15.000566880852306,6.6401304122764655
vegetation.tree.abies.concolor.vswir.vh265.ucsb.asd.spectrum,9.399312182891371,13.237843508314066,5.9647693347262525
vegetation.tree.acacia.caven.vswir.jpl139.jpl.asd.spectrum,4.07887464497085,6.302282025795713,2.8199949078538156
vegetation.tree.acacia.caven.vswir.jpl140.jpl.asd.spectrum,3.0454726995496295,5.067049478098521,2.6121131881245754
vegetation.tree.acacia.visco.vswir.jpl159.jpl.asd.spectrum,5.368497540883018,8.673510292118435,3.095183518795341
vegetation.tree.acacia.visco.vswir.jpl196.jpl.asd.spectrum,4.599217343458801,5.838557678707882,2.924983356072579
vegetation.tree.acer.paxii.vswir.jpl120.jpl.asd.spectrum,5.381134446694327,8.848244763102622,3.725814732774571
vegetation.tree.acer.paxii.vswir.jpl225.jpl.asd.spectrum,6.384229942483639,8.910113093282291,4.544875547567836
vegetation.tree.acer.pensylvanicum.vswir.acpe-1-67.ucsb.asd.spectrum,6.426839808634711,12.414786148862182,4.247613628620088
vegetation.tree.acer.pensylvanicum.vswir.acpe-2-69.ucsb.asd.spectrum,6.447477147590038,10.976944972302043,4.389676528652977
vegetation.tree.acer.rubrum.vswir.acru-1-13.ucsb.asd.spectrum,11.53976910877907,13.709196921423079,8.098520771005896
vegetation.tree.acer.rubrum.vswir.acru-1-15.ucsb.asd.spectrum,8.620596644045202,11.729873918553897,5.96981026134814
vegetation.tree.acer.rubrum.vswir.acru-2-17.ucsb.asd.spectrum,10.085628847387671,12.234265000727865,7.112965969589996
vegetation.tree.acer.rubrum.vswir.acru-2-19.ucsb.asd.spectrum,7.994285564205307,11.07912317246498,5.470932320619528
vegetation.tree.acer.rubrum.vswir.acru-3-21.ucsb.asd.spectrum,9.744739692643746,13.71920907611543,6.7500537066896324
vegetation.tree.acer.rubrum.vswir.acru-3-23.ucsb.asd.spectrum,9.295085853017241,12.329603221960918,6.421561049110349
vegetation.tree.aloe.bainesii.vswir.jpl057.jpl.asd.spectrum,8.232346803122484,12.127786519703433,5.888594142606052
vegetation.tree.aloe.bainesii.vswir.jpl058.jpl.asd.spectrum,16.42621166988006,26.21235506986295,13.54700641632086
vegetation.tree.aloe.bainesii.vswir.jpl059.jpl.asd.spectrum,6.415428113420895,11.845182441144155,5.075306311086048
vegetation.tree.bambusa.beecheyana.vswir.jpl133.jpl.asd.spectrum,6.203758000890469,8.85379743426164,4.056676757303932
vegetation.tree.bambusa.beecheyana.vswir.jpl134.jpl.asd.spectrum,6.0859497833334375,10.550469753239117,4.019230772923912
vegetation.tree.bambusa.beecheyana.vswir.jpl135.jpl.asd.spectrum,7.183749810706751,10.349213312443055,4.774412323508597
vegetation.tree.bambusa.beecheyana.vswir.jpl236.jpl.asd.spectrum,6.286669051003354,9.604523892943376,4.178391755676472
vegetation.tree.bambusa.beecheyana.vswir.jpl237.jpl.asd.spectrum,8.18946344018772,12.318800614859695,5.5344917805513205
vegetation.tree.bambusa.beecheyana.vswir.jpl238.jpl.asd.spectrum,5.70937715921064,9.41374623011239,3.7003188132367977
vegetation.tree.bambusa.beecheyana.vswir.jpl244.jpl.asd.spectrum,9.218133479231653,11.908453041198785,6.451508947384112
vegetation.tree.bambusa.beecheyana.vswir.jpl245.jpl.asd.spectrum,8.926829976979207,12.094846865619685,6.206311186838501
vegetation.tree.bambusa.beecheyana.vswir.jpl246.jpl.asd.spectrum,7.6457054907397985,10.008328112249238,5.441479116558815
vegetation.tree.bambusa.tuldoides.vswir.jpl145.jpl.asd.spectrum,8.0501648328897,13.042903061665314,5.69217485842974
vegetation.tree.bambusa.tuldoides.vswir.jpl146.jpl.asd.spectrum,6.850802778248275,11.157112365512766,4.761080249328579
vegetation.tree.bambusa.tuldoides.vswir.jpl147.jpl.asd.spectrum,6.5204560153318685,10.915884199790405,4.550719304673178
vegetation.tree.bambusa.tuldoides.vswir.jpl214.jpl.asd.spectrum,6.67768109906483,11.769605655793212,4.4575582247190315
vegetation.tree.bambusa.tuldoides.vswir.jpl215.jpl.asd.spectrum,7.539971977837312,11.017987350733915,5.281470677697153
vegetation.tree.bambusa.tuldoides.vswir.jpl216.jpl.asd.spectrum,8.337120601084894,11.808454308213857,5.975125313499325
vegetation.tree.beaucarnea.recurvata.vswir.jpl068.jpl.asd.spectrum,9.28115825002399,16.10935457474196,6.492908137528761
vegetation.tree.beaucarnea.recurvata.vswir.jpl069.jpl.asd.spectrum,12.725416054627603,24.058526269879053,9.320895924065205
vegetation.tree.beaucarnea.recurvata.vswir.jpl070.jpl.asd.spectrum,8.888767159706996,13.665889271544371,6.292898988177901
vegetation.tree.betula.lenta.vswir.bele-1-55.ucsb.asd.spectrum,5.213488638942159,7.86075876252421,3.5700759157114677
vegetation.tree.betula.lenta.vswir.bele-1-57.ucsb.asd.spectrum,8.072150597430442,11.764181841603545,5.634524352117193
vegetation.tree.betula.lenta.vswir.bele-2-59.ucsb.asd.spectrum,9.960546394590226,14.086868513632952,6.840631250438523
vegetation.tree.betula.lenta.vswir.bele-2-61.ucsb.asd.spectrum,8.91704235303963,12.969114878431384,6.173092981228681
vegetation.tree.betula.papyrifera.vswir.bepa-1-31.ucsb.asd.spectrum,5.6958316406973655,8.528009283289075,3.961201925837208
vegetation.tree.betula.papyrifera.vswir.bepa-1-33.ucsb.asd.spectrum,8.220343709640282,11.728969906082527,5.634882433435748
vegetation.tree.betula.papyrifera.vswir.bepa-2-35.ucsb.asd.spectrum,9.739706240597123,11.798907550414613,6.948173203988176
vegetation.tree.betula.papyrifera.vswir.bepa-2-37.ucsb.asd.spectrum,6.455355783492624,9.546463447410897,4.4160170128864
vegetation.tree.brachychiton.discolor.vswir.jpl082.jpl.asd.spectrum,7.208138723554594,9.361832577763899,5.113440497683074
vegetation.tree.brachychiton.discolor.vswir.jpl083.jpl.asd.spectrum,6.253304729373252,8.145266969064052,4.562682498432938
vegetation.tree.brachychiton.discolor.vswir.jpl102.jpl.asd.spectrum,14.729217178544134,15.205768945447037,10.905057204490372
vegetation.tree.brachychiton.rupestris.vswir.jpl084.jpl.asd.spectrum,9.443867540865595,10.585060673549238,6.76761713367571
vegetation.tree.brachychiton.rupestris.vswir.jpl085.jpl.asd.spectrum,7.798847408469095,11.78030253128612,5.566611509490742
vegetation.tree.brachychiton.rupestris.vswir.jpl086.jpl.asd.spectrum,8.677097457161496,10.784080161686658,6.0702874496059485
vegetation.tree.caesalpina.cacalaco.vswir.jpl138.jpl.asd.spectrum,7.502529647056157,14.488403863457389,4.672825277363441
vegetation.tree.caesalpinia.cacalaco.vswir.jpl067.jpl.asd.spectrum,7.571708470417596,12.478252302225565,4.899158637440813
vegetation.tree.caesalpinia.cacalaco.vswir.jpl071.jpl.asd.spectrum,7.297502854163141,11.6442408382132,4.728375928501661
vegetation.tree.caesalpinia.cacalaco.vswir.jpl241.jpl.asd.spectrum,8.750625269015451,12.2924355551764,5.745416231870027
vegetation.tree.calocedrus.decurrens.vswir.vh049.ucsb.asd.spectrum,8.067066562664124,14.23976739084328,5.445243658858332
vegetation.tree.calocedrus.decurrens.vswir.vh050.ucsb.asd.spectrum,9.16332633985109,18.240668631571626,5.918111330704732
vegetation.tree.calocedrus.decurrens.vswir.vh055.ucsb.asd.spectrum,7.464343759683432,13.264308481652817,5.083502799761619
vegetation.tree.calocedrus.decurrens.vswir.vh056.ucsb.asd.spectrum,8.434296322486668,16.20420088855778,5.356582534357224
vegetation.tree.calocedrus.decurrens.vswir.vh059.ucsb.asd.spectrum,8.46253360894921,15.807289302618509,6.156162522269284
vegetation.tree.calocedrus.decurrens.vswir.vh060.ucsb.asd.spectrum,6.824855025459469,12.586850330480846,4.733234628547999
vegetation.tree.calocedrus.decurrens.vswir.vh145.ucsb.asd.spectrum,7.718365053082376,14.256159885252753,5.15070670829103
vegetation.tree.calocedrus.decurrens.vswir.vh146.ucsb.asd.spectrum,9.424249654687781,19.524006723239413,5.726999305617146
vegetation.tree.calocedrus.decurrens.vswir.vh151.ucsb.asd.spectrum,10.268879316154598,16.913708163277345,6.949075189063893
vegetation.tree.calocedrus.decurrens.vswir.vh152.ucsb.asd.spectrum,8.184683684856884,16.22054885618411,4.847911739931412
vegetation.tree.calocedrus.decurrens.vswir.vh155.ucsb.asd.spectrum,8.769779302890003,13.365212258054544,5.850940785902325
vegetation.tree.calocedrus.decurrens.vswir.vh156.ucsb.asd.spectrum,8.032892993881934,12.935520906129705,5.0852822479764095
vegetation.tree.calocedrus.decurrens.vswir.vh241.ucsb.asd.spectrum,10.348973911243704,16.655850463827818,7.36733285843454
vegetation.tree.calocedrus.decurrens.vswir.vh242.ucsb.asd.spectrum,7.655443942964473,13.984150102285996,5.461292446282179
vegetation.tree.calocedrus.decurrens.vswir.vh247.ucsb.asd.spectrum,8.757864418888087,15.31638429991519,5.949009646409797
vegetation.tree.calocedrus.decurrens.vswir.vh248.ucsb.asd.spectrum,8.689513624607953,16.64072711101506,5.456702407636817
vegetation.tree.calocedrus.decurrens.vswir.vh251.ucsb.asd.spectrum,7.265108971974528,11.609901876225708,5.0669247303710225
vegetation.tree.calocedrus.decurrens.vswir.vh252.ucsb.asd.spectrum,8.464501811989656,14.30628252593692,5.558730933340022
vegetation.tree.calodendrum.capense.vswir.jpl123.jpl.asd.spectrum,8.161519489626073,10.575999068403128,5.920154722205858
vegetation.tree.calodendrum.capense.vswir.jpl193.jpl.asd.spectrum,8.441285952706677,11.01318075036013,6.1555860328706835
vegetation.tree.casimiroa.edulis.vswir.jpl144.jpl.asd.spectrum,4.818530330248743,8.371375757290132,3.2360977740760233
vegetation.tree.casimiroa.edulis.vswir.jpl217.jpl.asd.spectrum,6.977182700950881,10.282477517055673,4.932123074778729
vegetation.tree.cassia.leptophylla.vswir.jpl092.jpl.asd.spectrum,8.104679938232584,12.946711353889905,5.6309905961251685
vegetation.tree.cassia.leptophylla.vswir.jpl253.jpl.asd.spectrum,6.849482297190232,9.51272793225482,4.933618041929885
vegetation.tree.cassia.leptophylla.vswir.jpl254.jpl.asd.spectrum,8.196427042004665,12.42577376616052,5.849996429958551
vegetation.tree.cedrus.atlantica.vswir.jpl109.jpl.asd.spectrum,9.19561055184843,10.175561924893747,6.0239507812828705
vegetation.tree.cedrus.atlantica.vswir.jpl152.jpl.asd.spectrum,7.494316226697095,10.125949646680697,4.739929232993565
vegetation.tree.cedrus.atlantica.vswir.jpl222.jpl.asd.spectrum,7.243425182768828,9.391030203912548,4.7262974248905065
vegetation.tree.cedrus.atlantica_glauca.vswir.jpl177.jpl.asd.spectrum,8.24480358328763,9.607380435013125,5.36531684675761
vegetation.tree.cedrus.deodara.vswir.jpl103.jpl.asd.spectrum,5.558879848682654,6.889757105109771,3.6228366949945885
vegetation.tree.cedrus.deodara.vswir.jpl104.jpl.asd.spectrum,5.166251442812052,6.351188164503254,3.3163524165320206
vegetation.tree.cedrus.deodara.vswir.jpl105.jpl.asd.spectrum,5.332296187744104,8.153844369366844,3.591122248294909
vegetation.tree.cedrus.deodara.vswir.jpl212.jpl.asd.spectrum,6.247873563846021,7.95205788513638,4.570326771840152
vegetation.tree.cercidium.pennisulare.vswir.jpl141.jpl.asd.spectrum,5.087931375473204,7.405441017062263,3.2867357572639326
vegetation.tree.chorisia.insignis.vswir.jpl136.jpl.asd.spectrum,6.756145363050654,9.835124044669303,4.659456593735431
vegetation.tree.chorisia.insignis.vswir.jpl240.jpl.asd.spectrum,7.197126958597559,10.65869349516555,5.037927013291367
vegetation.tree.chorisia.insignis.vswir.jpl243.jpl.asd.spectrum,6.98111713643393,11.648192323913475,4.735181716475328
vegetation.tree.chorisia.insignis.vswir.jpl258.jpl.asd.spectrum,10.789747749021597,14.788603465570324,7.481876108787381
vegetation.tree.chorisia.speciosa.vswir.jpl137.jpl.asd.spectrum,7.934889044105644,13.991793660526147,5.705556203916064
vegetation.tree.chorisia.speciosa.vswir.jpl239.jpl.asd.spectrum,7.9681189210345575,10.216159278319903,5.6728545000127335
vegetation.tree.chorisia.speciosa.vswir.jpl242.jpl.asd.spectrum,9.970727020572298,19.660171506012137,7.14318212824542
vegetation.tree.chorisia.speciosa.vswir.jpl257.jpl.asd.spectrum,6.292634450501693,10.388454980229456,4.464560254234166
vegetation.tree.citharexylum.montevidense.vswir.jpl160.jpl.asd.spectrum,5.909302249660552,11.572181180852219,4.036782273940346
vegetation.tree.citharexylum.montevidense.vswir.jpl200.jpl.asd.spectrum,4.816143817585692,9.290891826288552,3.3155813938918524
vegetation.tree.ehretia.austin-smithii.vswir.jpl172.jpl.asd.spectrum,8.46003506587263,10.718282464740346,6.290350102192704
vegetation.tree.ehretia.austin-smithii.vswir.jpl210.jpl.asd.spectrum,9.247604483472816,13.137779941733413,6.940566501771319
vegetation.tree.eucalyptus.ficifolia.vswir.jpl157.jpl.asd.spectrum,6.931762935920324,10.097595892893269,5.0896674414858945
vegetation.tree.eucalyptus.ficifolia.vswir.jpl202.jpl.asd.spectrum,8.281265398949424,13.180111822663584,6.152893437669086
vegetation.tree.eucalyptus.kartzoffiana.vswir.jpl151.jpl.asd.spectrum,7.726622709569254,9.0540393498749,4.961447085361162
vegetation.tree.eucalyptus.kartzoffiana.vswir.jpl221.jpl.asd.spectrum,9.286682635121133,11.838234952920113,5.8450998302709065
vegetation.tree.eucalyptus.maculata.vswir.jpl087.jpl.asd.spectrum,6.520274660044757,8.9082360017843,4.720806884092649
vegetation.tree.eucalyptus.maculata.vswir.jpl088.jpl.asd.spectrum,8.193282369221754,9.685885042835592,6.069038070373673
vegetation.tree.eucalyptus.rudis.vswir.jpl148.jpl.asd.spectrum,7.812039056942816,11.34203562038674,4.898731212399627
vegetation.tree.eucalyptus.rudius.vswir.jpl218.jpl.asd.spectrum,9.46005974865221,12.82428944606938,6.098191049964053
vegetation.tree.eucalyptus.saligna.vswir.jpl154.jpl.asd.spectrum,6.760930463584193,8.227837048194273,4.6562828863182535
vegetation.tree.eucalyptus.saligna.vswir.jpl224.jpl.asd.spectrum,7.908269168528249,9.758622223625354,5.459416134204334
vegetation.tree.fagus.grandifolia.vswir.fagr-1-39.ucsb.asd.spectrum,7.288445586092045,11.651476885628405,4.918138226192314
vegetation.tree.fagus.grandifolia.vswir.fagr-1-41.ucsb.asd.spectrum,8.071825323097404,11.976654805131497,5.714191151984962
vegetation.tree.fagus.grandifolia.vswir.fagr-2-43.ucsb.asd.spectrum,13.402560987450478,15.595994494046847,9.528250067098606
vegetation.tree.fagus.grandifolia.vswir.fagr-2-45.ucsb.asd.spectrum,7.946206187110813,11.045686882159485,5.53746436789998
vegetation.tree.fagus.sylvatica_atropurpurea.vswir.jpl113.jpl.asd.spectrum,6.207704108705326,7.529198129145039,5.567162249602513
vegetation.tree.fagus.sylvatica_atropurpurea.vswir.jpl180.jpl.asd.spectrum,6.698844406612315,7.808014107178481,5.718068035406398
vegetation.tree.ficus.craterostoma.vswir.jpl091.jpl.asd.spectrum,5.928560339197034,9.615220226514,4.05170104425148
vegetation.tree.ficus.craterostoma.vswir.jpl158.jpl.asd.spectrum,15.943015752576818,17.70021910781825,11.413969772930196
vegetation.tree.ficus.craterostoma.vswir.jpl195.jpl.asd.spectrum,12.66811397658396,14.819929087855849,9.115161501440406
vegetation.tree.ficus.macrophylla_columnaris.vswir.jpl094.jpl.asd.spectrum,13.860892295507897,14.462783988047692,10.041645313879409
vegetation.tree.ficus.macrophylla_columnaris.vswir.jpl095.jpl.asd.spectrum,10.03953340566675,12.078545632860742,7.225205688999256
vegetation.tree.ficus.macrophylla_columnaris.vswir.jpl096.jpl.asd.spectrum,18.13023967150711,18.69336410142989,13.32933833102285
vegetation.tree.ficus.platypoda.vswir.jpl122.jpl.asd.spectrum,12.76891749473697,13.94746776904262,9.172191884985386
vegetation.tree.ficus.platypoda.vswir.jpl194.jpl.asd.spectrum,11.329448518389674,14.284529649429976,8.118861691373818
vegetation.tree.ficus.socotrana.vswir.jpl093.jpl.asd.spectrum,7.472430393750961,11.199440158886961,5.263784609895662
vegetation.tree.ficus.thonningii.vswir.jpl099.jpl.asd.spectrum,12.952082918170897,13.752611873229897,9.563773465391856
vegetation.tree.ficus.thonningii.vswir.jpl100.jpl.asd.spectrum,10.248556057009262,11.351373424883684,7.634165339312453
vegetation.tree.ficus.thonningii.vswir.jpl101.jpl.asd.spectrum,14.28740319171056,15.244863899466631,10.679975654656193
vegetation.tree.ginkgo.biloba.vswir.jpl208.jpl.asd.spectrum,11.056580592913338,21.778135854823017,11.42938357454343
vegetation.tree.ginko.biloba.vswir.jpl170.jpl.asd.spectrum,7.296721475290119,12.676748291123719,5.018412417262616
vegetation.tree.hetrosideros.excelsa.vswir.jpl171.jpl.asd.spectrum,9.435680918848297,10.853215301812236,6.958397173149801
vegetation.tree.jacaranda.mimosifolia.vswir.jpl161.jpl.asd.spectrum,3.2629149116884246,6.448780124414058,2.3817203581467736
vegetation.tree.jacaranda.mimosifolia.vswir.jpl167.jpl.asd.spectrum,3.259402247214152,7.268055937218224,2.1840595772517246
vegetation.tree.jacaranda.mimosifolia.vswir.jpl168.jpl.asd.spectrum,4.325092445574114,9.162542712861615,3.032391818991226
vegetation.tree.jacaranda.mimosifolia.vswir.jpl201.jpl.asd.spectrum,3.9859626536751445,7.6593005038350395,2.739806772687792
vegetation.tree.jacaranda.mimosifolia.vswir.jpl203.jpl.asd.spectrum,4.243532213307642,7.076226065396195,2.962399253403762
vegetation.tree.jacaranda.mimosifolia.vswir.jpl204.jpl.asd.spectrum,4.392133413423741,7.9570663228791805,3.0464702272181476
vegetation.tree.lagerstroemia.indica.vswir.jpl149.jpl.asd.spectrum,6.847017388567175,15.056518100784524,4.915818018631689
vegetation.tree.lagerstroemia.indica.vswir.jpl150.jpl.asd.spectrum,7.805672338722447,14.970630757471564,7.539451860656385
vegetation.tree.lagerstroemia.indica.vswir.jpl219.jpl.asd.spectrum,7.586953800430394,15.99048988782087,5.889822006089895
vegetation.tree.lagerstroemia.indica.vswir.jpl220.jpl.asd.spectrum,11.327364502717932,19.335222009532654,12.34817725962897
vegetation.tree.lagerstroemia.indica.vswir.jpl227.jpl.asd.spectrum,5.405273012174695,9.387281189658642,3.8449536281401713
vegetation.tree.macadamia.integrifolia.vswir.jpl165.jpl.asd.spectrum,13.390211721131298,18.562859731428933,9.757867571162027
vegetation.tree.macadamia.integrifolia.vswir.jpl205.jpl.asd.spectrum,7.257161136498442,13.178691375161398,4.976042208623235
vegetation.tree.macadamia.integrifolia.vswir.jpl211.jpl.asd.spectrum,9.310099395566018,13.27219824227463,6.697388941539909
vegetation.tree.magnolia.grandiflora.vswir.jpl115.jpl.asd.spectrum,7.122227003173064,9.264255636039966,5.105532633648518
vegetation.tree.magnolia.grandiflora.vswir.jpl116.jpl.asd.spectrum,14.103062725196475,18.457774217120704,10.359507800060081
vegetation.tree.magnolia.grandiflora.vswir.jpl132.jpl.asd.spectrum,10.14977669215194,13.540661097509327,6.988042368289152
vegetation.tree.magnolia.grandiflora.vswir.jpl182.jpl.asd.spectrum,4.112805269451105,6.636844305226434,2.677680451128986
vegetation.tree.magnolia.grandiflora.vswir.jpl230.jpl.asd.spectrum,7.693307298595177,12.407676301135135,5.232388664278478
vegetation.tree.magnolia.grandiflora.vswir.jpl231.jpl.asd.spectrum,3.3478788716971746,6.284546354919815,2.1434992339406342
vegetation.tree.melaleuca.linariifolia.vswir.jpl162.jpl.asd.spectrum,8.137120147147616,16.563369884680665,4.515883723043657
vegetation.tree.melaleuca.linariifolia.vswir.jpl163.jpl.asd.spectrum,5.256281545672633,8.587160691528373,2.880908098488663
vegetation.tree.melaleuca.linariifolia.vswir.jpl164.jpl.asd.spectrum,5.635629980740988,7.330033945768157,3.619984354399592
vegetation.tree.melaleuca.linariifolia.vswir.jpl197.jpl.asd.spectrum,9.656697805482938,16.016905105550084,6.354515109708874
vegetation.tree.melaleuca.linariifolia.vswir.jpl198.jpl.asd.spectrum,5.78345182518831,7.19827002981821,3.5678835942759854
vegetation.tree.melaleuca.linariifolia.vswir.jpl199.jpl.asd.spectrum,5.438506008546001,7.768317302970387,3.3027009965945875
vegetation.tree.melateuca.lanceolata.vswir.jpl153.jpl.asd.spectrum,4.782226466818913,8.570006338240876,3.4860698717836205
vegetation.tree.melateuca.lanceolata.vswir.jpl223.jpl.asd.spectrum,5.371237240391441,9.686644799890393,4.056005904388546
vegetation.tree.metrosideros.excelsa.vswir.jpl209.jpl.asd.spectrum,8.81781198983065,9.98051296306806,6.38493806446341
vegetation.tree.olea.africana.vswir.jpl121.jpl.asd.spectrum,8.248080438582475,12.865409983355496,5.7151894181485945
vegetation.tree.olea.africana.vswir.jpl226.jpl.asd.spectrum,7.38370015662479,11.327938266869637,5.252571196795893
vegetation.tree.ombu.tree.vswir.jpl166.jpl.asd.spectrum,5.510681462991421,8.136561024464372,3.962278462525601
vegetation.tree.peltophorum.africanum.vswir.jpl259.jpl.asd.spectrum,4.7050576599933285,6.516160616476317,3.6139234504763773
vegetation.tree.peltophorum.africanum.vswir.jpl260.jpl.asd.spectrum,3.5024111490664764,6.446318898274303,2.5425658788263052
vegetation.tree.peltophorum.africanum.vswir.jpl261.jpl.asd.spectrum,4.02731151796092,6.424822844842648,2.814968356489835
vegetation.tree.peltophorum.dubium.vswir.jpl169.jpl.asd.spectrum,3.7724054202421393,7.497649494892291,2.5593910271121376
vegetation.tree.peltophorum.dubium.vswir.jpl206.jpl.asd.spectrum,5.691316090966233,9.724744137642666,3.956878202425195
vegetation.tree.phyllostachys.aurea.vswir.jpl089.jpl.asd.spectrum,6.265654170129492,12.218689916755357,4.44912104055835
vegetation.tree.phyllostachys.aurea.vswir.jpl090.jpl.asd.spectrum,6.5240271048179395,12.754938647371995,4.72872362212482
vegetation.tree.phyllostachys.vivax.vswir.jpl124.jpl.asd.spectrum,8.809360596694622,12.780071240339595,6.052268546641506
vegetation.tree.phyllostachys.vivax.vswir.jpl125.jpl.asd.spectrum,11.52794369800489,14.1775144940642,8.221409766596908
vegetation.tree.phyllostachys.vivax.vswir.jpl126.jpl.asd.spectrum,10.938863703023113,13.704857051147043,7.758135308236931
vegetation.tree.phytolacca.dioica.vswir.jpl207.jpl.asd.spectrum,5.68201181625288,9.372532809411306,4.03180876651761
vegetation.tree.pinus.lambertiana.vswir.vh051.ucsb.asd.spectrum,6.764727748658959,11.948987718774463,4.972445403342573
vegetation.tree.pinus.lambertiana.vswir.vh052.ucsb.asd.spectrum,8.860547554516462,14.928477275636176,5.847887311044221
vegetation.tree.pinus.lambertiana.vswir.vh065.ucsb.asd.spectrum,6.360894081968501,11.828220030606689,4.480569764159955
vegetation.tree.pinus.lambertiana.vswir.vh066.ucsb.asd.spectrum,7.702557489283893,12.279208740082117,4.938899375103109
vegetation.tree.pinus.lambertiana.vswir.vh069.ucsb.asd.spectrum,8.693003134780026,13.592052306641108,6.176857556796126
vegetation.tree.pinus.lambertiana.vswir.vh070.ucsb.asd.spectrum,8.776526223034367,12.849821210272214,5.50778643934869
vegetation.tree.pinus.lambertiana.vswir.vh147.ucsb.asd.spectrum,10.791915889077465,15.064144736003072,7.970622864022589
vegetation.tree.pinus.lambertiana.vswir.vh148.ucsb.asd.spectrum,10.417685763156829,14.3968618413084,6.633898634711974
vegetation.tree.pinus.lambertiana.vswir.vh161.ucsb.asd.spectrum,8.73136775005103,14.10897290912514,6.245448339518463
vegetation.tree.pinus.lambertiana.vswir.vh162.ucsb.asd.spectrum,10.382776068439563,15.352454239599702,6.960397651426218
vegetation.tree.pinus.lambertiana.vswir.vh165.ucsb.asd.spectrum,8.559315786658102,14.162555993013257,6.5030260976898395
vegetation.tree.pinus.lambertiana.vswir.vh166.ucsb.asd.spectrum,9.876336881807866,14.839167158995828,6.2964718624761895
vegetation.tree.pinus.lambertiana.vswir.vh243.ucsb.asd.spectrum,7.497901745040836,11.44758607106597,5.610453001849858
vegetation.tree.pinus.lambertiana.vswir.vh244.ucsb.asd.spectrum,8.065527275394983,13.632542659390962,5.29068304487217
vegetation.tree.pinus.lambertiana.vswir.vh258.ucsb.asd.spectrum,8.428379302280113,12.84363157342611,6.0342459134288875
vegetation.tree.pinus.lambertiana.vswir.vh259.ucsb.asd.spectrum,9.532714646256848,14.207064501715896,6.394470986604347
vegetation.tree.pinus.lambertiana.vswir.vh262.ucsb.asd.spectrum,8.09757293588503,12.030609979538799,5.852595769050317
vegetation.tree.pinus.lambertiana.vswir.vh263.ucsb.asd.spectrum,8.829578386428114,14.74092715266942,5.599128544813925
vegetation.tree.pinus.ponderosa.vswir.vh057.ucsb.asd.spectrum,9.425128195956752,12.80607419618614,6.740516186491927
vegetation.tree.pinus.ponderosa.vswir.vh058.ucsb.asd.spectrum,6.989492186120825,9.3348261461963,4.752429036759152
vegetation.tree.pinus.ponderosa.vswir.vh061.ucsb.asd.spectrum,7.819483711252928,11.396536990538157,5.801560870314116
vegetation.tree.pinus.ponderosa.vswir.vh062.ucsb.asd.spectrum,9.877993780705252,14.896160461404225,7.497823816153704
vegetation.tree.pinus.ponderosa.vswir.vh067.ucsb.asd.spectrum,10.023411266605379,13.18503948170857,6.9537982270215215
vegetation.tree.pinus.ponderosa.vswir.vh068.ucsb.asd.spectrum,9.751446085010397,14.001614137490968,6.822898312267933
vegetation.tree.pinus.ponderosa.vswir.vh153.ucsb.asd.spectrum,8.425594265842832,10.615021273350013,5.934326975643113
vegetation.tree.pinus.ponderosa.vswir.vh154.ucsb.asd.spectrum,14.083107404676564,22.257155908481334,9.178101224956116
vegetation.tree.pinus.ponderosa.vswir.vh157.ucsb.asd.spectrum,9.583438549902016,13.29679578966048,6.83002233637076
vegetation.tree.pinus.ponderosa.vswir.vh158.ucsb.asd.spectrum,13.29817639012188,22.123192234013207,8.775070616626738
vegetation.tree.pinus.ponderosa.vswir.vh163.ucsb.asd.spectrum,10.11090549014694,13.5499207591569,7.199222361428265
vegetation.tree.pinus.ponderosa.vswir.vh164.ucsb.asd.spectrum,11.173417213303011,19.813400249952263,7.107494604759149
vegetation.tree.pinus.ponderosa.vswir.vh249.ucsb.asd.spectrum,10.194415305135959,14.597617449864885,7.531896918422764
vegetation.tree.pinus.ponderosa.vswir.vh250.ucsb.asd.spectrum,9.142532536590398,13.797754069963537,6.21479241604631
vegetation.tree.pinus.ponderosa.vswir.vh254.ucsb.asd.spectrum,8.39565395118872,12.36968904285322,5.8733488902543804
vegetation.tree.pinus.ponderosa.vswir.vh255.ucsb.asd.spectrum,9.006588126348873,15.099584612435915,6.229074699326101
vegetation.tree.pinus.ponderosa.vswir.vh260.ucsb.asd.spectrum,10.017884438430254,13.973389243479746,7.090652829751931
vegetation.tree.pinus.ponderosa.vswir.vh261.ucsb.asd.spectrum,9.011826089826494,14.695790645767634,6.13452187826136
vegetation.tree.pinus.strobus.vswir.pist-1-25.ucsb.asd.spectrum,8.548487601682934,13.835019064408648,5.251948637816132
vegetation.tree.pinus.strobus.vswir.pist-2-27.ucsb.asd.spectrum,8.329503029782149,14.524372424283657,5.199611263930726
vegetation.tree.pinus.strobus.vswir.pist-3-29.ucsb.asd.spectrum,9.42393686298558,14.899372271677679,6.309402872477797
vegetation.tree.podocarpus.gracilior.vswir.jpl127.jpl.asd.spectrum,11.381559455232543,14.46789021439442,7.82850377162625
vegetation.tree.podocarpus.gracilior.vswir.jpl155.jpl.asd.spectrum,8.464713807344705,9.971794929863744,7.136308244088708
vegetation.tree.podocarpus.gracilior.vswir.jpl173.jpl.asd.spectrum,9.48711532764386,13.072325340198539,6.453460841733348
vegetation.tree.podocarpus.gracilior.vswir.jpl187.jpl.asd.spectrum,12.443720437748713,16.564592635085447,8.29728230120457
vegetation.tree.podocarpus.gracilior.vswir.jpl188.jpl.asd.spectrum,12.472247686128554,16.15036765374675,8.643260127714061
vegetation.tree.podocarpus.gracilior.vswir.jpl233.jpl.asd.spectrum,11.152367293698054,15.381661117456973,7.483781728020951
vegetation.tree.prosopis.articulata.vswir.jpl142.jpl.asd.spectrum,3.65281834167807,5.27648315915597,2.197741984651893
vegetation.tree.prunus.serotina.vswir.prse-1-63.ucsb.asd.spectrum,7.1615693979766775,14.645151161653361,4.560132134726338
vegetation.tree.prunus.serotina.vswir.prse-2-65.ucsb.asd.spectrum,6.95451787204584,11.526848236903218,4.642396383634686
vegetation.tree.pyllostachys.vivax.vswir.jpl190.jpl.asd.spectrum,10.651997963318443,13.69283620320116,7.495023108311676
vegetation.tree.pyllostachys.vivax.vswir.jpl191.jpl.asd.spectrum,11.021618101279316,13.99106057024208,7.825951521626764
vegetation.tree.pyllostachys.vivax.vswir.jpl192.jpl.asd.spectrum,9.894806457395322,13.503752054597232,6.938238236977012
vegetation.tree.quercus.agrifolia.vswir.jpl108.jpl.asd.spectrum,7.016785117551689,10.29991019969269,4.795188696485502
vegetation.tree.quercus.agrifolia.vswir.jpl111.jpl.asd.spectrum,6.609713111815637,8.516752713319443,4.669496570422795
vegetation.tree.quercus.agrifolia.vswir.jpl112.jpl.asd.spectrum,5.960842110916203,7.964674789793724,4.147054139603396
vegetation.tree.quercus.agrifolia.vswir.jpl176.jpl.asd.spectrum,8.064374673725617,11.19987275118848,5.638360045680767
vegetation.tree.quercus.agrifolia.vswir.jpl179.jpl.asd.spectrum,8.125914805073036,10.467671283471914,5.75691648371174
vegetation.tree.quercus.agrifolia.vswir.jpl181.jpl.asd.spectrum,6.788262457959154,8.841264858127385,4.848525958986641
vegetation.tree.quercus.agrifolia.vswir.vh075.ucsb.asd.spectrum,4.619500944289695,7.329733056378941,3.2542636978557065
vegetation.tree.quercus.agrifolia.vswir.vh076.ucsb.asd.spectrum,5.232149941945453,10.338738223833454,3.4433014302571143
vegetation.tree.quercus.agrifolia.vswir.vh079.ucsb.asd.spectrum,7.85849099619212,10.9849331607168,5.445770425876186
vegetation.tree.quercus.agrifolia.vswir.vh080.ucsb.asd.spectrum,8.95293123967592,11.16397462061908,6.306714835916672
vegetation.tree.quercus.agrifolia.vswir.vh083.ucsb.asd.spectrum,5.080453717511968,8.938645958571428,3.534225961864424
vegetation.tree.quercus.agrifolia.vswir.vh084.ucsb.asd.spectrum,6.2652104745926,9.591978270775344,4.3827456363237065
vegetation.tree.quercus.agrifolia.vswir.vh171.ucsb.asd.spectrum,4.0882660893018405,6.838359553278679,2.746676509119127
vegetation.tree.quercus.agrifolia.vswir.vh172.ucsb.asd.spectrum,4.203813201701147,6.484633993954167,2.8564921441033375
vegetation.tree.quercus.agrifolia.vswir.vh175.ucsb.asd.spectrum,9.19861795967405,13.837272324020423,6.5138530974783
vegetation.tree.quercus.agrifolia.vswir.vh176.ucsb.asd.spectrum,6.834978714042091,10.676393868508274,4.650499050052745
vegetation.tree.quercus.agrifolia.vswir.vh179.ucsb.asd.spectrum,6.897620674096772,9.947530953675669,4.837787468631571
vegetation.tree.quercus.agrifolia.vswir.vh180.ucsb.asd.spectrum,5.062781509983018,7.711609970975809,3.483943118374909
vegetation.tree.quercus.agrifolia.vswir.vh271.ucsb.asd.spectrum,9.854572346925687,12.902269145723345,6.737765561596568
vegetation.tree.quercus.agrifolia.vswir.vh272.ucsb.asd.spectrum,8.336569608083671,12.033958561918913,5.86111915505788
vegetation.tree.quercus.agrifolia.vswir.vh275.ucsb.asd.spectrum,11.603167762695225,15.064422548369818,8.055542756350425
vegetation.tree.quercus.agrifolia.vswir.vh276.ucsb.asd.spectrum,13.025851213980316,16.54830206730306,8.763988388644565
vegetation.tree.quercus.agrifolia.vswir.vh279.ucsb.asd.spectrum,16.324359710259998,23.083482657457125,11.544215767103575
vegetation.tree.quercus.agrifolia.vswir.vh280.ucsb.asd.spectrum,8.554292186829244,14.13136908638968,5.938761788224041
vegetation.tree.quercus.douglasii.vswir.vh073.ucsb.asd.spectrum,7.591575085847948,11.313021593451742,4.848839961921516
vegetation.tree.quercus.douglasii.vswir.vh074.ucsb.asd.spectrum,8.414675234655556,12.095531575061278,5.477986896072932
vegetation.tree.quercus.douglasii.vswir.vh077.ucsb.asd.spectrum,8.550841529907913,11.14014750294135,5.940540511856319
vegetation.tree.quercus.douglasii.vswir.vh078.ucsb.asd.spectrum,7.294354298972077,10.606029236166851,4.895306773985965
vegetation.tree.quercus.douglasii.vswir.vh081.ucsb.asd.spectrum,8.741302471116713,13.481635776958175,5.777794729035703
vegetation.tree.quercus.douglasii.vswir.vh082.ucsb.asd.spectrum,7.3473657329856925,13.763773898987525,5.00585149099716
vegetation.tree.quercus.douglasii.vswir.vh169.ucsb.asd.spectrum,8.898902252598118,11.49202115457172,5.980381924372082
vegetation.tree.quercus.douglasii.vswir.vh170.ucsb.asd.spectrum,7.929948080315491,10.967571579706869,5.739560807166042
vegetation.tree.quercus.douglasii.vswir.vh173.ucsb.asd.spectrum,8.836435830434704,11.139607872346293,6.240528544028873
vegetation.tree.quercus.douglasii.vswir.vh174.ucsb.asd.spectrum,8.973409003951195,11.495982935281639,6.389998395075568
vegetation.tree.quercus.douglasii.vswir.vh177.ucsb.asd.spectrum,7.103051246109964,9.82611878579235,4.730750672686235
vegetation.tree.quercus.douglasii.vswir.vh178.ucsb.asd.spectrum,8.144741164780212,11.570399214751113,5.812129498750428
vegetation.tree.quercus.douglasii.vswir.vh269.ucsb.asd.spectrum,8.492162588062955,12.89195317896002,6.206931407342693
vegetation.tree.quercus.douglasii.vswir.vh270.ucsb.asd.spectrum,11.154490076470788,24.249333916364524,20.247767678041175
vegetation.tree.quercus.douglasii.vswir.vh273.ucsb.asd.spectrum,11.567215942597036,17.28554740230131,8.935796215567239
vegetation.tree.quercus.douglasii.vswir.vh274.ucsb.asd.spectrum,9.97511634323754,22.660555997384854,12.858373233400672
vegetation.tree.quercus.douglasii.vswir.vh277.ucsb.asd.spectrum,11.319804403333583,17.400841064614358,8.61291056598688
vegetation.tree.quercus.douglasii.vswir.vh278.ucsb.asd.spectrum,12.710010591626391,28.39114740373573,20.167275888928547
vegetation.tree.quercus.ilex.vswir.jpl114.jpl.asd.spectrum,8.70246785580303,9.939097688092662,6.342102160266449
vegetation.tree.quercus.ilex.vswir.jpl232.jpl.asd.spectrum,10.151823518417475,10.678284396249342,7.575993430144955
vegetation.tree.quercus.ilex.vswir.jpl255.jpl.asd.spectrum,8.228747929078823,9.665666270842056,6.112445396289057
vegetation.tree.quercus.ilex.vswir.jpl256.jpl.asd.spectrum,7.557575822220049,9.080419025465629,5.753156744045627
vegetation.tree.quercus.lobata.vswir.vh085.ucsb.asd.spectrum,9.50050146160855,13.573452805691524,6.744932767157398
vegetation.tree.quercus.lobata.vswir.vh086.ucsb.asd.spectrum,6.963259596030808,12.58944336394758,4.843791666844619
vegetation.tree.quercus.lobata.vswir.vh087.ucsb.asd.spectrum,11.96553208615928,16.744496547621086,8.276082549330258
vegetation.tree.quercus.lobata.vswir.vh088.ucsb.asd.spectrum,10.883027680082249,16.048578731831324,7.594228055497254
vegetation.tree.quercus.lobata.vswir.vh089.ucsb.asd.spectrum,12.053476273528263,16.95497643149778,8.521097380482821
vegetation.tree.quercus.lobata.vswir.vh090.ucsb.asd.spectrum,11.432413538262082,15.757435218515619,7.945223554054711
vegetation.tree.quercus.lobata.vswir.vh181.ucsb.asd.spectrum,8.250746022276594,10.342818529229298,5.941837555917133
vegetation.tree.quercus.lobata.vswir.vh182.ucsb.asd.spectrum,7.7054103078308,9.786243339843045,5.965273268363108
vegetation.tree.quercus.lobata.vswir.vh183.ucsb.asd.spectrum,11.206810923990437,15.674489797966013,7.918473967816519
vegetation.tree.quercus.lobata.vswir.vh184.ucsb.asd.spectrum,8.483428658136349,13.010481876834538,6.124273276804726
vegetation.tree.quercus.lobata.vswir.vh185.ucsb.asd.spectrum,8.405775405141146,11.446859803431932,6.1540318161249825
vegetation.tree.quercus.lobata.vswir.vh186.ucsb.asd.spectrum,8.1357699261743,11.63285689362598,5.871389709665094
vegetation.tree.quercus.lobata.vswir.vh281.ucsb.asd.spectrum,9.509576014764496,11.61117858944613,7.742025344133544
vegetation.tree.quercus.lobata.vswir.vh282.ucsb.asd.spectrum,16.784076065922616,32.09927121811837,21.991294314405923
vegetation.tree.quercus.lobata.vswir.vh283.ucsb.asd.spectrum,12.588935800683977,17.040844982867412,9.360339279045185
vegetation.tree.quercus.lobata.vswir.vh284.ucsb.asd.spectrum,15.192398601183083,30.111362605584414,15.638528736750994
vegetation.tree.quercus.lobata.vswir.vh285.ucsb.asd.spectrum,13.697681986215736,17.500425564900308,9.940735425399286
vegetation.tree.quercus.lobata.vswir.vh286.ucsb.asd.spectrum,9.778666632430523,17.830915699597146,9.295158493354137
vegetation.tree.quercus.robur.vswir.jpl110.jpl.asd.spectrum,5.965886141830614,7.645759474137919,4.2752296716992335
vegetation.tree.quercus.robur.vswir.jpl178.jpl.asd.spectrum,5.979899740343025,9.471291648966838,4.1344905035775685
vegetation.tree.quercus.robur.vswir.jpl247.jpl.asd.spectrum,7.509845721506852,8.404672229273073,5.280702971240305
vegetation.tree.quercus.robur.vswir.jpl250.jpl.asd.spectrum,7.011928168091982,11.192923633149338,4.738710798940415
vegetation.tree.quercus.rubra.vswir.jpl156.jpl.asd.spectrum,14.877412943644194,18.426140601479684,10.60416385922534
vegetation.tree.quercus.rubra.vswir.jpl189.jpl.asd.spectrum,7.538265153255662,9.781280847558769,6.343004674842455
vegetation.tree.quercus.rubra.vswir.quru-1-1.ucsb.asd.spectrum,6.877723706038069,9.927951570597175,4.792605718430239
vegetation.tree.quercus.rubra.vswir.quru-1-3.ucsb.asd.spectrum,9.24379635820669,11.845998146315328,6.5298038030400285
vegetation.tree.quercus.rubra.vswir.quru-2-5.ucsb.asd.spectrum,9.489421766184977,13.107342596908225,6.604802433549015
vegetation.tree.quercus.rubra.vswir.quru-2-7.ucsb.asd.spectrum,6.554355325743735,10.50029645878685,4.527400168067915
vegetation.tree.quercus.rubra.vswir.quru-3-11.ucsb.asd.spectrum,8.516200647636248,12.031436911169832,6.009115005581321
vegetation.tree.quercus.rubra.vswir.quru-3-9.ucsb.asd.spectrum,5.185441209923888,8.025406491230518,3.508652608701403
vegetation.tree.quercus.suber.vswir.jpl106b.jpl.asd.spectrum,7.926338508519225,10.819682787810203,5.89609644435174
vegetation.tree.quercus.suber.vswir.jpl175.jpl.asd.spectrum,9.181623364228958,11.574809080464362,6.874893921818003
vegetation.tree.quercus.suber.vswir.jpl248.jpl.asd.spectrum,8.868192909343463,11.40553470185029,6.28816530758655
vegetation.tree.quercus.suber.vswir.jpl249.jpl.asd.spectrum,7.4258352762979145,9.546248282303726,5.343951616109643
vegetation.tree.quercus.virginana.vswir.jpl107.jpl.asd.spectrum,9.56082822341929,11.504328503415636,6.808391989653836
vegetation.tree.quercus.virginana.vswir.jpl128.jpl.asd.spectrum,9.672418942392405,11.111274222027358,6.915486028225371
vegetation.tree.quercus.virginana.vswir.jpl174.jpl.asd.spectrum,10.23376898656644,12.671492320613085,7.304785786333711
vegetation.tree.quercus.virginana.vswir.jpl186.jpl.asd.spectrum,10.112848685398266,12.247503221302516,7.248209511183336
vegetation.tree.quercus.virginana.vswir.jpl234.jpl.asd.spectrum,10.334870148406754,12.046924635672177,7.398118503221781
vegetation.tree.rubus.occidentalis.vswir.ruoc-1-71.ucsb.asd.spectrum,6.432822838876882,13.298028840834144,3.8274742044618515
vegetation.tree.rubus.occidentalis.vswir.ruoc-1-73.ucsb.asd.spectrum,6.200612788371993,11.826815286476737,3.922515006386241
vegetation.tree.salix.babylonica.vswir.jpl129.jpl.asd.spectrum,6.977127833744428,10.863266103293997,4.763409742888578
vegetation.tree.salix.babylonica.vswir.jpl130.jpl.asd.spectrum,7.028979735701655,10.44895399185453,4.847553326605747
vegetation.tree.salix.babylonica.vswir.jpl131.jpl.asd.spectrum,7.712670224461301,9.971775659142423,5.54037209997013
vegetation.tree.salix.babylonica.vswir.jpl183.jpl.asd.spectrum,7.543811588355072,9.191733801606057,5.481748303267454
vegetation.tree.salix.babylonica.vswir.jpl184.jpl.asd.spectrum,7.606849292723932,10.984532764951739,5.297215775402748
vegetation.tree.salix.babylonica.vswir.jpl185.jpl.asd.spectrum,7.604930534043052,9.311337155187598,5.508503849887893
vegetation.tree.taxodium.mucronatum.vswir.jpl117.jpl.asd.spectrum,4.592790669231408,8.117632398501582,3.218007672485496
vegetation.tree.taxodium.mucronatum.vswir.jpl118.jpl.asd.spectrum,5.234745730644038,9.017780904517863,3.2120420617284386
vegetation.tree.taxodium.mucronatum.vswir.jpl119.jpl.asd.spectrum,4.77406134786237,9.453084779292439,3.4589476372323005
vegetation.tree.taxodium.mucronatum.vswir.jpl213.jpl.asd.spectrum,4.84918005384596,8.100803050724785,3.083277170654339
vegetation.tree.taxodium.mucronatum.vswir.jpl228.jpl.asd.spectrum,5.774474607636474,10.071307177092576,4.083371943934837
vegetation.tree.taxodium.mucronatum.vswir.jpl229.jpl.asd.spectrum,7.677615800516661,14.235342487999894,6.618621330905926
vegetation.tree.tipuana.tipu.vswir.jpl235.jpl.asd.spectrum,7.1902640259275366,9.320930713770851,4.30827811779646
vegetation.tree.tipuana.tipu.vswir.jpl251.jpl.asd.spectrum,6.12490097747422,9.026963544083877,3.6976500598567155
vegetation.tree.tipuana.tipu.vswir.jpl252.jpl.asd.spectrum,6.198601171823928,9.38603584129103,3.8511410661374246
vegetation.tree.tsuga.canadensis.vswir.tsca-1-47.ucsb.asd.spectrum,3.2787478651160566,6.23309655143468,2.208254480095327
vegetation.tree.tsuga.canadensis.vswir.tsca-1-49.ucsb.asd.spectrum,5.177189061385517,8.260265587612585,3.484028219617979
vegetation.tree.tsuga.canadensis.vswir.tsca-2-51.ucsb.asd.spectrum,4.816146322267771,7.575653791964207,3.467398970394559
vegetation.tree.tsuga.canadensis.vswir.tsca-2-53.ucsb.asd.spectrum,3.619498498067298,6.3775515729356185,2.4611879144707167
vegetation.tree.unknown.unknown.all.conifer.jhu.becknic.spectrum,6.626916034798602,9.68603626245475,3.388039576101172
vegetation.tree.unknown.unknown.all.deciduous.jhu.becknic.spectrum,7.3392624927498336,10.038468503460388,3.946909279817073
vegetation.tree.uvularia.sessifolia.vswir.uvse-1-75.ucsb.asd.spectrum,3.8549238724751818,8.728381713282305,2.145810075879359
vegetation.tree.uvularia.sessifolia.vswir.uvse-2-77.ucsb.asd.spectrum,4.639745446324441,9.891660408607143,2.629600653951264
water.frost.none.fine.all.frost_snw_.jhu.becknic.spectrum,110.3250233294013,99.72625361892305,79.41911720332473
water.ice.none.solid.all.ice_dat_.jhu.becknic.spectrum,2.036412463486575,1.8146251349818496,1.432798407994223
water.snow.coarsegranular.coarse.all.coarse_snw_.jhu.becknic.spectrum,108.38329895933224,97.50902076765252,75.68566665027394
water.snow.finegranular.fine.all.fine_snw_.jhu.becknic.spectrum,110.00426037198515,99.3534207800764,78.72579495021762
water.snow.mediumgranular.medium.all.medgran_snw_.jhu.becknic.spectrum,109.2296524401151,98.46984182619957,77.21298785514499
