NAME,X,Y,Z
manmade.concrete.constructionconcrete.solid.all.0598uuucnc.jhu.becknic.spectrum,0.24953367775902535,0.25685726337269205,0.2074491841806242
manmade.generalconstructionmaterial.brick.solid.all.0097uuubrk.jhu.becknic.spectrum,0.15803083873560317,0.1493799163629005,0.11519234168818882
manmade.generalconstructionmaterial.brick.solid.all.0412uuubrk.jhu.becknic.spectrum,0.11406653828651077,0.09271550388591106,0.04260488352453454
manmade.generalconstructionmaterial.brick.solid.all.0413uuubrk.jhu.becknic.spectrum,0.11916186747847801,0.09809306217597015,0.04823977521530005
manmade.generalconstructionmaterial.cinder.solid.all.0101uuucin.jhu.becknic.spectrum,0.03937960988658767,0.04118433234384203,0.04069397465819515
manmade.generalconstructionmaterial.glas.solid.all.0796uuugls.jhu.becknic.spectrum,0.1059602777297229,0.11287053986010796,0.12781648167115342
manmade.generalconstructionmaterial.marble.solid.all.0722uuumbl.jhu.becknic.spectrum,0.744563423619874,0.7874337011953396,0.7511853317972139
manmade.generalconstructionmaterial.paint.solid.all.0385uuupnt.jhu.becknic.spectrum,0.1274927040435391,0.1657480371991704,0.12040273207896167
manmade.generalconstructionmaterial.paint.solid.all.0386uuupnt.jhu.becknic.spectrum,0.12875383387139686,0.1673310581468796,0.12156638516033204
manmade.generalconstructionmaterial.paint.solid.all.0407uuupnt.jhu.becknic.spectrum,0.13198611879246183,0.17121445853875297,0.12709687997634653
manmade.generalconstructionmaterial.paint.solid.all.0408uuupnt.jhu.becknic.spectrum,0.12594854537560377,0.16426726570363084,0.12100586300222042
manmade.generalconstructionmaterial.wood.solid.all.0404uuuwod.jhu.becknic.spectrum,0.5186095128353329,0.5165632790960146,0.2739172118010995
manmade.road.pavingasphalt.solid.all.0674uuuasp.jhu.becknic.spectrum,0.07227584971964769,0.07584017141303877,0.07676909425492176
manmade.roofingmaterial.metal.solid.all.0384uuualm.jhu.becknic.spectrum,0.47467900220207465,0.4988544868778003,0.48903988859314623
manmade.roofingmaterial.metal.solid.all.0525uuustla.jhu.becknic.spectrum,0.05448412006217064,0.04653381768324716,0.02626181840014468
manmade.roofingmaterial.metal.solid.all.0525uuustlb.jhu.becknic.spectrum,0.2784783714447934,0.29842691267010746,0.32403592919580126
manmade.roofingmaterial.metal.solid.all.0526uuustla.jhu.becknic.spectrum,0.2432654846628183,0.25974218587585507,0.30600281406547003
manmade.roofingmaterial.metal.solid.all.0681uuucop.jhu.becknic.spectrum,0.1498192480976604,0.1560307487043364,0.13568862915540644
manmade.roofingmaterial.metal.solid.all.0682uuucop.jhu.becknic.spectrum,0.22414628643566908,0.19539453445792543,0.07943411364677254
manmade.roofingmaterial.metal.solid.all.0692uuucop.jhu.becknic.spectrum,0.3258150968699626,0.3787040409366346,0.35955157166997287
manmade.roofingmaterial.roofingpaper.solid.all.0522uuutar.jhu.becknic.spectrum,0.024175017250839374,0.025242939180211258,0.02566032638856991
manmade.roofingmaterial.roofingpaper.solid.all.0523uuutar.jhu.becknic.spectrum,0.039764234364049786,0.041796318283775856,0.04573560850289508
manmade.roofingmaterial.roofingshingle.solid.all.0490uuuasp.jhu.becknic.spectrum,0.28625248513736556,0.3015659902026372,0.313486347932667
manmade.roofingmaterial.rubber.solid.all.0795uuurbr.jhu.becknic.spectrum,0.4899530135249597,0.5152161302192554,0.464462173714943
manmade.roofingmaterial.rubber.solid.all.0833uuurbr.jhu.becknic.spectrum,0.05912882590592621,0.062276407033710256,0.06527502015940347
manmade.roofingmaterial.rubber.solid.all.0834uuurbr.jhu.becknic.spectrum,0.622492581786912,0.6557730116317922,0.6263353855842454
manmade.roofingmaterial.shingle.solid.all.0597uuuasp.jhu.becknic.spectrum,0.26413330724392436,0.2771087794064798,0.26758326633573126
manmade.roofingmaterial.shingle.solid.all.0672uuuasp.jhu.becknic.spectrum,0.0440617462571086,0.04235704544213514,0.035265664218220416
manmade.roofingmaterial.shingle.solid.all.0680uuusto.jhu.becknic.spectrum,0.16539482288643512,0.17219970262213188,0.17498096195996307
manmade.roofingmaterial.shingle.solid.all.0683uuuasp.jhu.becknic.spectrum,0.11787611840901101,0.09781342907370498,0.06418451456810609
manmade.roofingmaterial.tile.solid.all.0484uuupot.jhu.becknic.spectrum,0.11520193918486432,0.11588056753656951,0.09666270429097036
nonphotosyntheticvegetation.bark.abies.concolor.vswir.vh311.ucsb.asd.spectrum,0.12771734206597632,0.12998680796821863,0.10276517887042241
nonphotosyntheticvegetation.bark.abies.concolor.vswir.vh315.ucsb.asd.spectrum,0.07924979136405161,0.08160804643298397,0.06659529115761625
nonphotosyntheticvegetation.bark.acer.rubrum.vswir.acru-1-81.ucsb.asd.spectrum,0.1051122861224739,0.11113787227949723,0.08743358170195109
nonphotosyntheticvegetation.bark.acer.rubrum.vswir.acru-2-82.ucsb.asd.spectrum,0.19562595585298265,0.20431456466723574,0.17090766899549814
nonphotosyntheticvegetation.bark.betula.papyrifera.vswir.bepa-1-85.ucsb.asd.spectrum,0.48012446984709606,0.5018574035419809,0.4716119675212153
nonphotosyntheticvegetation.bark.betula.papyrifera.vswir.bepa-2-86.ucsb.asd.spectrum,0.4828332250674809,0.5066713173634368,0.48988541579712336
nonphotosyntheticvegetation.bark.calocedrus.decurrens.vswir.vh312.ucsb.asd.spectrum,0.21272974560627753,0.21269251017288368,0.17404180855879364
nonphotosyntheticvegetation.bark.calocedrus.decurrens.vswir.vh316.ucsb.asd.spectrum,0.1985996971309246,0.19890593528132128,0.1530873556028026
nonphotosyntheticvegetation.bark.pinus.coulteri.vswir.vh342.ucsb.asd.spectrum,0.0937284099709332,0.09553864030567447,0.0700241097318929
nonphotosyntheticvegetation.bark.pinus.coulteri.vswir.vh343.ucsb.asd.spectrum,0.07400295418447654,0.07643804155191497,0.06405234733527713
nonphotosyntheticvegetation.bark.pinus.coulteri.vswir.vh344.ucsb.asd.spectrum,0.06818434303191352,0.06981190479124656,0.06135349471326684
nonphotosyntheticvegetation.bark.pinus.lambertiana.vswir.vh317.ucsb.asd.spectrum,0.09784452475883514,0.09781459080217765,0.08152752842056432
nonphotosyntheticvegetation.bark.pinus.ponderosa.vswir.vh313.ucsb.asd.spectrum,0.2235975677962759,0.229963237217507,0.21313714468439393
nonphotosyntheticvegetation.bark.pinus.ponderosa.vswir.vh314.ucsb.asd.spectrum,0.16139703495927107,0.16726194451653603,0.15850713391835647
nonphotosyntheticvegetation.bark.pinus.strobus.vswir.pist-1-83.ucsb.asd.spectrum,0.09777470145132172,0.09317560408964608,0.06897285396997518
nonphotosyntheticvegetation.bark.pinus.strobus.vswir.pist-2-84.ucsb.asd.spectrum,0.10448535149379297,0.10623091300994687,0.08977701889481014
nonphotosyntheticvegetation.bark.quercus.rubra.vswir.quru-1-79.ucsb.asd.spectrum,0.10121776641650783,0.10661104197393137,0.09066648883780316
nonphotosyntheticvegetation.bark.quercus.rubra.vswir.quru-2-80.ucsb.asd.spectrum,0.061839897635691574,0.06496118161790655,0.04615549642265917
nonphotosyntheticvegetation.branches.adenostoma.fasciculatum.vswir.vh333.ucsb.asd.spectrum,0.14125611145663777,0.14281421969803096,0.11957223362304761
nonphotosyntheticvegetation.branches.adenostoma.fasciculatum.vswir.vh334.ucsb.asd.spectrum,0.15849864700592098,0.16016528105652797,0.13578980464974907
nonphotosyntheticvegetation.branches.ceanothus.megacarpus.vswir.vh331.ucsb.asd.spectrum,0.08520680592636402,0.08771143265468927,0.07920678299635772
nonphotosyntheticvegetation.branches.ceanothus.megacarpus.vswir.vh332.ucsb.asd.spectrum,0.11141089019455802,0.11526379240951565,0.09807092991876525
nonphotosyntheticvegetation.branches.foeniculum.vulgare.vswir.vh360.ucsb.asd.spectrum,0.20257778028538706,0.20945762405131158,0.1857121788305505
nonphotosyntheticvegetation.branches.foeniculum.vulgare.vswir.vh361.ucsb.asd.spectrum,0.18949803363145926,0.19623702072053079,0.17724322866470665
nonphotosyntheticvegetation.branches.salvia.leucophylla.vswir.vh290.ucsb.asd.spectrum,0.12428034973671495,0.12748407852315172,0.10634135534526187
nonphotosyntheticvegetation.branches.salvia.leucophylla.vswir.vh291.ucsb.asd.spectrum,0.1371235694289026,0.14121978257360288,0.11894633774319631
nonphotosyntheticvegetation.branches.salvia.leucophylla.vswir.vh292.ucsb.asd.spectrum,0.12849809997008912,0.13156116905593945,0.11315622488313945
nonphotosyntheticvegetation.flowers.calocedrus.decrruens.vswir.vh266.ucsb.asd.spectrum,0.17008516462535025,0.18740594084987458,0.08219542821748407
nonphotosyntheticvegetation.flowers.calocedrus.decrruens.vswir.vh267.ucsb.asd.spectrum,0.1477451425947759,0.16324030306944337,0.07299341060167959
nonphotosyntheticvegetation.flowers.calocedrus.decrruens.vswir.vh268.ucsb.asd.spectrum,0.3182432570894327,0.325994273553157,0.16340948419193232
nonphotosyntheticvegetation.flowers.calocedrus.decurrens.vswir.vh253.ucsb.asd.spectrum,0.17074361707874974,0.18444257609181447,0.07712047612027804
nonphotosyntheticvegetation.flowers.calocedrus.decurrens.vswir.vh266.ucsb.asd.spectrum,0.17008516462535025,0.18740594084987458,0.08219542821748407
nonphotosyntheticvegetation.flowers.calocedrus.decurrens.vswir.vh267.ucsb.asd.spectrum,0.1477451425947759,0.16324030306944337,0.07299341060167959
nonphotosyntheticvegetation.flowers.calocedrus.decurrens.vswir.vh268.ucsb.asd.spectrum,0.3182432570894327,0.325994273553157,0.16340948419193232
nonphotosyntheticvegetation.leaves.avena.fatua.vswir.vh354.ucsb.asd.spectrum,0.2713131926957636,0.2744601307547377,0.14345644238820587
nonphotosyntheticvegetation.leaves.avena.fatua.vswir.vh355.ucsb.asd.spectrum,0.22513168420407695,0.2297372149874945,0.11454498964840634
nonphotosyntheticvegetation.leaves.none.none.vswir.ll-1-87y.ucsb.asd.spectrum,0.14668350406899083,0.1451293576064612,0.10100283274605025
nonphotosyntheticvegetation.leaves.none.none.vswir.ll-2-89z.ucsb.asd.spectrum,0.1903206103993445,0.1916345442893908,0.12927550367877128
nonphotosyntheticvegetation.leaves.none.none.vswir.vh356.ucsb.asd.spectrum,0.11615225932628771,0.1178050262818146,0.0899651805980401
nonphotosyntheticvegetation.leaves.none.none.vswir.vh357.ucsb.asd.spectrum,0.2144700041206368,0.21420325793137238,0.12607988195720166
nonphotosyntheticvegetation.leaves.none.none.vswir.vh358.ucsb.asd.spectrum,0.12225627124991272,0.12412960061960981,0.09173866534904321
nonphotosyntheticvegetation.leaves.none.none.vswir.vh359.ucsb.asd.spectrum,0.2170533956003216,0.21400310693476265,0.1353057668608329
nonphotosyntheticvegetation.leaves.quercus.species.vswir.vh318.ucsb.asd.spectrum,0.28164769866686334,0.28682686676992164,0.19910746492438655
nonphotosyntheticvegetation.leaves.quercus.species.vswir.vh319.ucsb.asd.spectrum,0.1993968797079095,0.2013695451295739,0.12469416455865713
nonphotosyntheticvegetation.leaves.quercus.species.vswir.vh320.ucsb.asd.spectrum,0.28457368173448244,0.28903460179396745,0.20180892358540414
nonphotosyntheticvegetation.lichen.lichen.species.vswir.vh296.ucsb.asd.spectrum,0.14369475058747563,0.1603777094982908,0.05012031142101469
nonphotosyntheticvegetation.lichen.lichen.species.vswir.vh297.ucsb.asd.spectrum,0.13579630003853876,0.15255798283878028,0.04135673257035849
nonphotosyntheticvegetation.lichen.lichen.species.vswir.vh298.ucsb.asd.spectrum,0.15284169558909796,0.17432573888075134,0.046519814763483665
nonphotosyntheticvegetation.lichen.lichen.species.vswir.vh307.ucsb.asd.spectrum,0.04170802139150178,0.04164511015244691,0.03276878924307445
nonphotosyntheticvegetation.needles.abies.concolor.vswir.vh325.ucsb.asd.spectrum,0.1420334725449759,0.13959755419599035,0.09235721530471212
nonphotosyntheticvegetation.needles.abies.concolor.vswir.vh326.ucsb.asd.spectrum,0.1433631862384276,0.14234560977663374,0.095449774523221
nonphotosyntheticvegetation.needles.abies.concolor.vswir.vh327.ucsb.asd.spectrum,0.15790248309256535,0.15553569416855897,0.10487634864945494
nonphotosyntheticvegetation.needles.pinus.coulteri.vswir.vh339.ucsb.asd.spectrum,0.1725960590594868,0.1674857488878281,0.10523850549548507
nonphotosyntheticvegetation.needles.pinus.coulteri.vswir.vh340.ucsb.asd.spectrum,0.12613026922639206,0.12306159879197018,0.08068742325856357
nonphotosyntheticvegetation.needles.pinus.coulteri.vswir.vh341.ucsb.asd.spectrum,0.1057070005624251,0.10467626621845987,0.06897991031589173
nonphotosyntheticvegetation.needles.pinus.lambertiana.vswir.vh328.ucsb.asd.spectrum,0.17044903188284588,0.15794569910210504,0.09553451307698502
nonphotosyntheticvegetation.needles.pinus.lambertiana.vswir.vh329.ucsb.asd.spectrum,0.1611871705604386,0.14882805021355705,0.08631775540828267
nonphotosyntheticvegetation.needles.pinus.lambertiana.vswir.vh330.ucsb.asd.spectrum,0.17535776596304073,0.1663476580373807,0.09974464222022221
nonphotosyntheticvegetation.needles.pinus.ponderosa.vswir.vh322.ucsb.asd.spectrum,0.18544292225227843,0.17790485511696133,0.10387290899121958
nonphotosyntheticvegetation.needles.pinus.ponderosa.vswir.vh323.ucsb.asd.spectrum,0.21273054619927953,0.20360328230406036,0.12353231571402896
nonphotosyntheticvegetation.needles.pinus.ponderosa.vswir.vh324.ucsb.asd.spectrum,0.14375392752575997,0.13670276565308986,0.0806285560323992
vegetation.grass.avena.fatua.vswir.vh352.ucsb.asd.spectrum,0.14995872537785215,0.17920542818346322,0.11373007380895192
vegetation.grass.avena.fatua.vswir.vh353.ucsb.asd.spectrum,0.1327492716047473,0.1604591459339597,0.08807984209089394
vegetation.grass.bromus.diandrus.vswir.vh350.ucsb.asd.spectrum,0.16156986342504656,0.19188959495745106,0.11518728008435103
vegetation.grass.bromus.diandrus.vswir.vh351.ucsb.asd.spectrum,0.13274900672774095,0.16076457904543837,0.0901913365192595
vegetation.grass.unknown.unknown.all.grass.jhu.becknic.spectrum,0.0697149924258965,0.08387704341000128,0.04597669377395441
vegetation.shrub.adenostoma.fasciculatum.vswir.vh033.ucsb.asd.spectrum,0.04612414292364354,0.053827105745929256,0.030224758606712077
vegetation.shrub.adenostoma.fasciculatum.vswir.vh034.ucsb.asd.spectrum,0.06417949640785464,0.07290599566167393,0.03406240702027926
vegetation.shrub.adenostoma.fasciculatum.vswir.vh041.ucsb.asd.spectrum,0.04590126773396303,0.05457264278333121,0.030050939881411345
vegetation.shrub.adenostoma.fasciculatum.vswir.vh042.ucsb.asd.spectrum,0.07433030848919751,0.09137317238892476,0.03396194688521859
vegetation.shrub.adenostoma.fasciculatum.vswir.vh043.ucsb.asd.spectrum,0.031610525658616585,0.03887605043217657,0.016727578531335073
vegetation.shrub.adenostoma.fasciculatum.vswir.vh044.ucsb.asd.spectrum,0.08880882310125428,0.10527777092472791,0.04437581744737509
vegetation.shrub.adenostoma.fasciculatum.vswir.vh111.ucsb.asd.spectrum,0.043510188859424176,0.051374152874000746,0.027260475485859515
vegetation.shrub.adenostoma.fasciculatum.vswir.vh112.ucsb.asd.spectrum,0.05811557957450798,0.06819224852132107,0.03464799427810221
vegetation.shrub.adenostoma.fasciculatum.vswir.vh113.ucsb.asd.spectrum,0.03802048256272855,0.04539538181487788,0.02366733926032433
vegetation.shrub.adenostoma.fasciculatum.vswir.vh114.ucsb.asd.spectrum,0.06588192354173851,0.07844126405815832,0.03738421306872219
vegetation.shrub.adenostoma.fasciculatum.vswir.vh115.ucsb.asd.spectrum,0.029906381843453043,0.034911698650593556,0.019090061519231153
vegetation.shrub.adenostoma.fasciculatum.vswir.vh116.ucsb.asd.spectrum,0.06230107916835153,0.07430650223302328,0.034706341485974714
vegetation.shrub.adenostoma.fasciculatum.vswir.vh217.ucsb.asd.spectrum,0.06792789847823458,0.07094088602086879,0.03934631651976913
vegetation.shrub.adenostoma.fasciculatum.vswir.vh218.ucsb.asd.spectrum,0.04547635267354655,0.054032446127289455,0.026599400116278798
vegetation.shrub.adenostoma.fasciculatum.vswir.vh219.ucsb.asd.spectrum,0.058764963069219876,0.06148551774622043,0.03603749007516961
vegetation.shrub.adenostoma.fasciculatum.vswir.vh220.ucsb.asd.spectrum,0.04688263347399664,0.054096127526628436,0.030393151605122112
vegetation.shrub.adenostoma.fasciculatum.vswir.vh221.ucsb.asd.spectrum,0.05311798640210239,0.056705918135347824,0.0319435639818356
vegetation.shrub.adenostoma.fasciculatum.vswir.vh222.ucsb.asd.spectrum,0.05740954806141783,0.06651537051781692,0.03313342219123104
vegetation.shrub.agave.attenuata.vswir.jpl060.jpl.asd.spectrum,0.15524171338646067,0.18340536526852894,0.12780528745693082
vegetation.shrub.agave.attenuata.vswir.jpl061.jpl.asd.spectrum,0.1714368932509679,0.19965835616965996,0.16302410952152865
vegetation.shrub.agave.attenuata.vswir.jpl062.jpl.asd.spectrum,0.12818946431408168,0.15202591111154415,0.10890637907404989
vegetation.shrub.agave.attenuata.vswir.jpl063.jpl.asd.spectrum,0.14993473587016556,0.1815351795538327,0.09514963632033406
vegetation.shrub.agave.attenuata.vswir.jpl106.jpl.asd.spectrum,0.14375513288332412,0.176011910647567,0.08464893964254709
vegetation.shrub.aloe.arborescens.vswir.jpl075.jpl.asd.spectrum,0.12487766996457807,0.1446252776780992,0.1008004011930531
vegetation.shrub.aloe.arborescens.vswir.jpl076.jpl.asd.spectrum,0.10861764169378837,0.12618530488599636,0.09389860523445814
vegetation.shrub.aloe.arborescens.vswir.jpl077.jpl.asd.spectrum,0.12788924175078004,0.1458436579710576,0.12094575066417802
vegetation.shrub.aloe.arborescens_flower.vswir.jpl072.jpl.asd.spectrum,0.08697698853316262,0.06095489611480306,0.024383107488646565
vegetation.shrub.aloe.arborescens_flower.vswir.jpl073.jpl.asd.spectrum,0.20575935411195104,0.14168753260842754,0.061174746735097575
vegetation.shrub.aloe.arborescens_flower.vswir.jpl074.jpl.asd.spectrum,0.16723288972056347,0.12341241262280145,0.053820841716497585
vegetation.shrub.arctostaphylos.glandulosa.vswir.vh035.ucsb.asd.spectrum,0.1240014359280063,0.14846076820557227,0.08325792049093811
vegetation.shrub.arctostaphylos.glandulosa.vswir.vh036.ucsb.asd.spectrum,0.10432101273735275,0.12378385433601119,0.07169593617643215
vegetation.shrub.arctostaphylos.glandulosa.vswir.vh037.ucsb.asd.spectrum,0.1147753342111194,0.13366433991660825,0.09182492427559799
vegetation.shrub.arctostaphylos.glandulosa.vswir.vh038.ucsb.asd.spectrum,0.16152063914663567,0.18216406310180464,0.12788696906303998
vegetation.shrub.arctostaphylos.glandulosa.vswir.vh039.ucsb.asd.spectrum,0.11308957326570321,0.13192280084085228,0.08780290435366987
vegetation.shrub.arctostaphylos.glandulosa.vswir.vh040.ucsb.asd.spectrum,0.11888273443631489,0.1369652862802037,0.08733390869886733
vegetation.shrub.arctostaphylos.glandulosa.vswir.vh117.ucsb.asd.spectrum,0.07982633616421587,0.09399160318730541,0.0605600195672874
vegetation.shrub.arctostaphylos.glandulosa.vswir.vh118.ucsb.asd.spectrum,0.14613169852171545,0.16432229260659917,0.11721245147218519
vegetation.shrub.arctostaphylos.glandulosa.vswir.vh119.ucsb.asd.spectrum,0.10248356185379862,0.11943081436000133,0.08039574054856305
vegetation.shrub.arctostaphylos.glandulosa.vswir.vh120.ucsb.asd.spectrum,0.1309349368758383,0.14329029519348066,0.09525325080247367
vegetation.shrub.arctostaphylos.glandulosa.vswir.vh121.ucsb.asd.spectrum,0.11402114188502534,0.13357391871436844,0.08476826042502662
vegetation.shrub.arctostaphylos.glandulosa.vswir.vh122.ucsb.asd.spectrum,0.158462138075793,0.16973702483607206,0.11207645051377371
vegetation.shrub.arctostaphylos.glandulosa.vswir.vh225.ucsb.asd.spectrum,0.12568743973452062,0.14369232008174443,0.08287380439305174
vegetation.shrub.arctostaphylos.glandulosa.vswir.vh226.ucsb.asd.spectrum,0.1377875398136425,0.1588651353667084,0.1068398058397626
vegetation.shrub.arctostaphylos.glandulosa.vswir.vh227.ucsb.asd.spectrum,0.13817828962048428,0.1571453823132567,0.0904701939053722
vegetation.shrub.arctostaphylos.glandulosa.vswir.vh228.ucsb.asd.spectrum,0.141558303811902,0.16124178949870396,0.10923465539731901
vegetation.shrub.arctostaphylos.glandulosa.vswir.vh229.ucsb.asd.spectrum,0.15247050186345595,0.17173193883664647,0.09818844593826673
vegetation.shrub.arctostaphylos.glandulosa.vswir.vh230.ucsb.asd.spectrum,0.1719245517627664,0.19604847704537193,0.10891024430522135
vegetation.shrub.baccharis.pilularis.vswir.vh001.ucsb.asd.spectrum,0.07039382463692187,0.08477967760315827,0.050906306233762834
vegetation.shrub.baccharis.pilularis.vswir.vh002.ucsb.asd.spectrum,0.0991159176767581,0.11943052894346973,0.05786491189228752
vegetation.shrub.baccharis.pilularis.vswir.vh003.ucsb.asd.spectrum,0.07543727352259148,0.08936678413822184,0.058366265335657676
vegetation.shrub.baccharis.pilularis.vswir.vh004.ucsb.asd.spectrum,0.09958152472337516,0.12190761089099059,0.06088595146276699
vegetation.shrub.baccharis.pilularis.vswir.vh005.ucsb.asd.spectrum,0.08432783348418957,0.10227501093430094,0.059235858029153814
vegetation.shrub.baccharis.pilularis.vswir.vh006.ucsb.asd.spectrum,0.1016072196721457,0.12365145891606168,0.056243053062759785
vegetation.shrub.baccharis.pilularis.vswir.vh031.ucsb.asd.spectrum,0.08403478215237208,0.09831463322068733,0.07190038628712765
vegetation.shrub.baccharis.pilularis.vswir.vh032.ucsb.asd.spectrum,0.0664570484740113,0.07862125681004431,0.051095501971657256
vegetation.shrub.baccharis.pilularis.vswir.vh045.ucsb.asd.spectrum,0.037287683080638505,0.04484535583766933,0.026651610442971672
vegetation.shrub.baccharis.pilularis.vswir.vh046.ucsb.asd.spectrum,0.07514094995602802,0.08824986737320903,0.05793658383762724
vegetation.shrub.baccharis.pilularis.vswir.vh047.ucsb.asd.spectrum,0.09362125351822981,0.10587404616133522,0.0886348538725242
vegetation.shrub.baccharis.pilularis.vswir.vh048.ucsb.asd.spectrum,0.06992498534634355,0.08181119727524798,0.04784859906843895
vegetation.shrub.baccharis.pilularis.vswir.vh097.ucsb.asd.spectrum,0.09642130605900505,0.11355306542100936,0.07164279799457687
vegetation.shrub.baccharis.pilularis.vswir.vh098.ucsb.asd.spectrum,0.07413894953996654,0.08852253757560627,0.052443059136382884
vegetation.shrub.baccharis.pilularis.vswir.vh099.ucsb.asd.spectrum,0.09809536994960234,0.11752793232255013,0.06743760827149263
vegetation.shrub.baccharis.pilularis.vswir.vh100.ucsb.asd.spectrum,0.07678215783820729,0.09127385560273853,0.052241454752864444
vegetation.shrub.baccharis.pilularis.vswir.vh101.ucsb.asd.spectrum,0.1012345521742728,0.12092095603708855,0.07468574359232256
vegetation.shrub.baccharis.pilularis.vswir.vh102.ucsb.asd.spectrum,0.0833075417161099,0.09981675206913085,0.05567235016567351
vegetation.shrub.baccharis.pilularis.vswir.vh109.ucsb.asd.spectrum,0.06898092836348202,0.08093633154434345,0.05762762950578936
vegetation.shrub.baccharis.pilularis.vswir.vh110.ucsb.asd.spectrum,0.08717670350138891,0.10296694196505567,0.07090558267500523
vegetation.shrub.baccharis.pilularis.vswir.vh123.ucsb.asd.spectrum,0.08523094101627086,0.10023911956525967,0.07137984460910296
vegetation.shrub.baccharis.pilularis.vswir.vh124.ucsb.asd.spectrum,0.07648057111259603,0.09166364484454101,0.057480844482035366
vegetation.shrub.baccharis.pilularis.vswir.vh125.ucsb.asd.spectrum,0.05770685551578391,0.0669045925418773,0.05170686441739128
vegetation.shrub.baccharis.pilularis.vswir.vh126.ucsb.asd.spectrum,0.06443078477368619,0.07532263992922576,0.05422782187798018
vegetation.shrub.baccharis.pilularis.vswir.vh193.ucsb.asd.spectrum,0.1044293192787002,0.12054373620006621,0.08431717645161738
vegetation.shrub.baccharis.pilularis.vswir.vh194.ucsb.asd.spectrum,0.10985014725432764,0.1252001939268555,0.0897269081108218
vegetation.shrub.baccharis.pilularis.vswir.vh195.ucsb.asd.spectrum,0.12064349663569525,0.14262506084722074,0.08505625366008053
vegetation.shrub.baccharis.pilularis.vswir.vh196.ucsb.asd.spectrum,0.09386262719868714,0.10960811595373363,0.06949845951322878
vegetation.shrub.baccharis.pilularis.vswir.vh197.ucsb.asd.spectrum,0.10731271442433529,0.12363204886892067,0.07976617024953947
vegetation.shrub.baccharis.pilularis.vswir.vh198.ucsb.asd.spectrum,0.14180212499551453,0.16282167380422735,0.10589326353963195
vegetation.shrub.baccharis.pilularis.vswir.vh223.ucsb.asd.spectrum,0.07008965922777212,0.08159205281110694,0.04859636126917161
vegetation.shrub.baccharis.pilularis.vswir.vh224.ucsb.asd.spectrum,0.09029492791619952,0.10287542865945681,0.08162219578690366
vegetation.shrub.baccharis.pilularis.vswir.vh231.ucsb.asd.spectrum,0.05294795120681369,0.060856366807460295,0.04434725035073099
vegetation.shrub.baccharis.pilularis.vswir.vh232.ucsb.asd.spectrum,0.08929775872023687,0.10075103804893347,0.08279989309994229
vegetation.shrub.baccharis.pilularis.vswir.vh233.ucsb.asd.spectrum,0.10524289793441689,0.12192546414458398,0.07378700847214184
vegetation.shrub.baccharis.pilularis.vswir.vh234.ucsb.asd.spectrum,0.0817418735768538,0.09604959601758693,0.05527390522712524
vegetation.shrub.calocedrus.decrruens.vswir.vh049.ucsb.asd.spectrum,0.09677330211169446,0.11697938709099892,0.06245697556358063
vegetation.shrub.calocedrus.decrruens.vswir.vh050.ucsb.asd.spectrum,0.11880134643677014,0.1458524455907928,0.06945802703732169
vegetation.shrub.calocedrus.decrruens.vswir.vh055.ucsb.asd.spectrum,0.0893078541685181,0.1082566658307979,0.05904220376440728
vegetation.shrub.calocedrus.decrruens.vswir.vh056.ucsb.asd.spectrum,0.10486947484168932,0.12963498766093437,0.06648095031817072
vegetation.shrub.calocedrus.decrruens.vswir.vh059.ucsb.asd.spectrum,0.10885147408394419,0.12992463268011983,0.06402075597641503
vegetation.shrub.calocedrus.decrruens.vswir.vh060.ucsb.asd.spectrum,0.08393811067208794,0.10110246005702156,0.05528759546464838
vegetation.shrub.calocedrus.decrruens.vswir.vh145.ucsb.asd.spectrum,0.09527563015636775,0.11619161258797166,0.05815877409847679
vegetation.shrub.calocedrus.decrruens.vswir.vh146.ucsb.asd.spectrum,0.12469217994844328,0.15654905519463286,0.06545461391541918
vegetation.shrub.calocedrus.decrruens.vswir.vh151.ucsb.asd.spectrum,0.11753556759316697,0.1412461322623561,0.08291319274676033
vegetation.shrub.calocedrus.decrruens.vswir.vh152.ucsb.asd.spectrum,0.10212093735344398,0.1292116281401923,0.06107465582666817
vegetation.shrub.calocedrus.decrruens.vswir.vh155.ucsb.asd.spectrum,0.09445258823333366,0.11293905364621712,0.07234137163721821
vegetation.shrub.calocedrus.decrruens.vswir.vh156.ucsb.asd.spectrum,0.0878686581746656,0.10709252395796218,0.06728860708100998
vegetation.shrub.calocedrus.decrruens.vswir.vh241.ucsb.asd.spectrum,0.11912173743204789,0.14031348262581592,0.08421491347669816
vegetation.shrub.calocedrus.decrruens.vswir.vh242.ucsb.asd.spectrum,0.09572634803712844,0.11296085850130584,0.06238280392229608
vegetation.shrub.calocedrus.decrruens.vswir.vh247.ucsb.asd.spectrum,0.10425827924297477,0.12587138921290336,0.06966299418145352
vegetation.shrub.calocedrus.decrruens.vswir.vh248.ucsb.asd.spectrum,0.10793890102517785,0.13358772291195836,0.06692009969136
vegetation.shrub.calocedrus.decrruens.vswir.vh251.ucsb.asd.spectrum,0.08140953696797039,0.09718913109170864,0.05911302635248894
vegetation.shrub.calocedrus.decrruens.vswir.vh252.ucsb.asd.spectrum,0.09776252291557118,0.11757908665227085,0.0698496369655746
vegetation.shrub.calocedrus.decrruens.vswir.vh253.ucsb.asd.spectrum,0.17074361707874974,0.18444257609181447,0.07712047612027804
vegetation.shrub.ceanothus.megacarpus.vswir.vh019.ucsb.asd.spectrum,0.0614189863836822,0.0713583273705468,0.053982189134858034
vegetation.shrub.ceanothus.megacarpus.vswir.vh020.ucsb.asd.spectrum,0.040078474410975326,0.04887425088704236,0.026543634112886322
vegetation.shrub.ceanothus.megacarpus.vswir.vh021.ucsb.asd.spectrum,0.060619063582681515,0.0713302442184051,0.04809085573927868
vegetation.shrub.ceanothus.megacarpus.vswir.vh022.ucsb.asd.spectrum,0.06606929690378184,0.07776935313925794,0.05256761560989717
vegetation.shrub.ceanothus.megacarpus.vswir.vh023.ucsb.asd.spectrum,0.09356841628225501,0.1055358515221478,0.08940275080336131
vegetation.shrub.ceanothus.megacarpus.vswir.vh024.ucsb.asd.spectrum,0.07502421752141482,0.08676606408844692,0.06874971573135129
vegetation.shrub.ceanothus.megacarpus.vswir.vh139.ucsb.asd.spectrum,0.08321052967863138,0.09328337815975711,0.07988877711877439
vegetation.shrub.ceanothus.megacarpus.vswir.vh140.ucsb.asd.spectrum,0.08719540047827408,0.10200238689494337,0.06953858926863854
vegetation.shrub.ceanothus.megacarpus.vswir.vh141.ucsb.asd.spectrum,0.0685953425373651,0.0803478555341172,0.052032160591656024
vegetation.shrub.ceanothus.megacarpus.vswir.vh142.ucsb.asd.spectrum,0.06766060561278306,0.07887113892607832,0.053506421666223214
vegetation.shrub.ceanothus.megacarpus.vswir.vh143.ucsb.asd.spectrum,0.06430922207906803,0.07491417767925752,0.049313374819298865
vegetation.shrub.ceanothus.megacarpus.vswir.vh144.ucsb.asd.spectrum,0.06847108015467132,0.08030594540730975,0.05355076318023491
vegetation.shrub.ceanothus.megacarpus.vswir.vh211.ucsb.asd.spectrum,0.09060317068889656,0.10168654597338651,0.06835697791527352
vegetation.shrub.ceanothus.megacarpus.vswir.vh212.ucsb.asd.spectrum,0.09165188334004705,0.10370927163800459,0.06555940682253696
vegetation.shrub.ceanothus.megacarpus.vswir.vh213.ucsb.asd.spectrum,0.0930829843800438,0.10710534236362891,0.06611736467075487
vegetation.shrub.ceanothus.megacarpus.vswir.vh214.ucsb.asd.spectrum,0.10565790238944023,0.1174521677852402,0.07100488267493953
vegetation.shrub.ceanothus.megacarpus.vswir.vh215.ucsb.asd.spectrum,0.08389137040793745,0.09530294909480744,0.06310383612409429
vegetation.shrub.ceanothus.megacarpus.vswir.vh216.ucsb.asd.spectrum,0.13305277077068073,0.14364633613611355,0.08856349127912141
vegetation.shrub.ceanothus.spinosus.vswir.vh007.ucsb.asd.spectrum,0.08027444590888387,0.09117280634874121,0.07312369298513738
vegetation.shrub.ceanothus.spinosus.vswir.vh008.ucsb.asd.spectrum,0.06600818800196159,0.07665523706434581,0.05662719203253745
vegetation.shrub.ceanothus.spinosus.vswir.vh009.ucsb.asd.spectrum,0.0864267568064544,0.09798958961415244,0.08225295621962997
vegetation.shrub.ceanothus.spinosus.vswir.vh010.ucsb.asd.spectrum,0.06951110018506651,0.08414531628565221,0.053084967716674925
vegetation.shrub.ceanothus.spinosus.vswir.vh011.ucsb.asd.spectrum,0.12981432395286446,0.1443908608730721,0.12969226641234008
vegetation.shrub.ceanothus.spinosus.vswir.vh012.ucsb.asd.spectrum,0.11725730347730016,0.13549689383801528,0.1027986870064
vegetation.shrub.ceanothus.spinosus.vswir.vh127.ucsb.asd.spectrum,0.09566532285416873,0.11076732672548481,0.08594451934586653
vegetation.shrub.ceanothus.spinosus.vswir.vh128.ucsb.asd.spectrum,0.08531195467758587,0.10006769314190497,0.07104742505217611
vegetation.shrub.ceanothus.spinosus.vswir.vh129.ucsb.asd.spectrum,0.08662278004118124,0.10101870372343418,0.06911906217370631
vegetation.shrub.ceanothus.spinosus.vswir.vh130.ucsb.asd.spectrum,0.10311584494447666,0.12036137713538675,0.08737911415588356
vegetation.shrub.ceanothus.spinosus.vswir.vh131.ucsb.asd.spectrum,0.13327957026234338,0.15041801913478312,0.12666591724915252
vegetation.shrub.ceanothus.spinosus.vswir.vh132.ucsb.asd.spectrum,0.09480955033530865,0.11050488773121142,0.08178848494645115
vegetation.shrub.ceanothus.spinosus.vswir.vh199.ucsb.asd.spectrum,0.13250619272670558,0.15032467976235708,0.10973995793456758
vegetation.shrub.ceanothus.spinosus.vswir.vh200.ucsb.asd.spectrum,0.11041819488936175,0.1227677180000904,0.09909618482366872
vegetation.shrub.ceanothus.spinosus.vswir.vh201.ucsb.asd.spectrum,0.10379759825927301,0.11890771499884674,0.06784520460217537
vegetation.shrub.ceanothus.spinosus.vswir.vh202.ucsb.asd.spectrum,0.1279615755856112,0.1456704894970811,0.11364001126428201
vegetation.shrub.ceanothus.spinosus.vswir.vh203.ucsb.asd.spectrum,0.15184432648608007,0.1712093795666419,0.1264003507568406
vegetation.shrub.ceanothus.spinosus.vswir.vh204.ucsb.asd.spectrum,0.13330891368451406,0.15211478374783866,0.11218617948804921
vegetation.shrub.gasteria.acinacifolia.vswir.jpl143.jpl.asd.spectrum,0.051686840686989845,0.0599617488331773,0.0412767234914635
vegetation.shrub.heteromeles.arbutifolia.vswir.vh013.ucsb.asd.spectrum,0.04258007754546862,0.05084567263369837,0.03586587924313088
vegetation.shrub.heteromeles.arbutifolia.vswir.vh014.ucsb.asd.spectrum,0.07688142079944041,0.08947971768186788,0.0703159146837278
vegetation.shrub.heteromeles.arbutifolia.vswir.vh015.ucsb.asd.spectrum,0.06054142646985534,0.0694209442228807,0.05927583451716879
vegetation.shrub.heteromeles.arbutifolia.vswir.vh016.ucsb.asd.spectrum,0.06750007515226004,0.07839969734956709,0.0629270339714053
vegetation.shrub.heteromeles.arbutifolia.vswir.vh017.ucsb.asd.spectrum,0.02757653918860871,0.03376806834709512,0.018559887515469074
vegetation.shrub.heteromeles.arbutifolia.vswir.vh018.ucsb.asd.spectrum,0.09765032286247631,0.1152253641569223,0.08101446313970438
vegetation.shrub.heteromeles.arbutifolia.vswir.vh133.ucsb.asd.spectrum,0.06510411124871064,0.07786739747025405,0.05676923571115456
vegetation.shrub.heteromeles.arbutifolia.vswir.vh134.ucsb.asd.spectrum,0.08366421773884603,0.09626542526859773,0.07501992685189497
vegetation.shrub.heteromeles.arbutifolia.vswir.vh135.ucsb.asd.spectrum,0.08482633826391327,0.09978403123537906,0.0738897767364182
vegetation.shrub.heteromeles.arbutifolia.vswir.vh136.ucsb.asd.spectrum,0.12766339769502477,0.15028483154053993,0.11219117529814895
vegetation.shrub.heteromeles.arbutifolia.vswir.vh137.ucsb.asd.spectrum,0.06504530955302744,0.07744030527014885,0.05420567706770982
vegetation.shrub.heteromeles.arbutifolia.vswir.vh138.ucsb.asd.spectrum,0.0796825821748497,0.09530420674962731,0.06639235803056194
vegetation.shrub.heteromeles.arbutifolia.vswir.vh205.ucsb.asd.spectrum,0.11561481168615247,0.1310879039287451,0.10645507351007075
vegetation.shrub.heteromeles.arbutifolia.vswir.vh206.ucsb.asd.spectrum,0.12213324256692899,0.13742356063515715,0.11768041081519931
vegetation.shrub.heteromeles.arbutifolia.vswir.vh207.ucsb.asd.spectrum,0.18322747596319214,0.20651004198162587,0.1796330555049213
vegetation.shrub.heteromeles.arbutifolia.vswir.vh208.ucsb.asd.spectrum,0.13382647873436626,0.15133828993073245,0.1359716373714987
vegetation.shrub.heteromeles.arbutifolia.vswir.vh209.ucsb.asd.spectrum,0.10084642361954017,0.11777293970485073,0.08831356101896093
vegetation.shrub.heteromeles.arbutifolia.vswir.vh210.ucsb.asd.spectrum,0.10542282240956548,0.11959369736473445,0.10129198829554063
vegetation.shrub.juniperus.chinensis.vswir.jpl097.jpl.asd.spectrum,0.05900474413885044,0.07134506402641608,0.045312225348736475
vegetation.shrub.juniperus.chinensis.vswir.jpl098.jpl.asd.spectrum,0.06400867395392897,0.07571615112601719,0.05401994259637684
vegetation.shrub.portulacaria.afra.vswir.jpl064.jpl.asd.spectrum,0.08250258468182654,0.0997938096839548,0.052117477604113664
vegetation.shrub.portulacaria.afra_lowform.vswir.jpl065.jpl.asd.spectrum,0.09726228893553251,0.11462914139181725,0.07286497497140973
vegetation.shrub.portulacaria.afra_variegata.vswir.jpl066.jpl.asd.spectrum,0.20992980368590367,0.23577782784484516,0.12714176034883176
vegetation.shrub.puya.venusta.vswir.jpl078.jpl.asd.spectrum,0.19343646050002405,0.2151905620989335,0.18869794491948452
vegetation.shrub.puya.venusta.vswir.jpl079.jpl.asd.spectrum,0.205727656706564,0.22818553914350098,0.20545560438590463
vegetation.shrub.puya.venusta.vswir.jpl080.jpl.asd.spectrum,0.16838767751645106,0.1884407556570735,0.15762341219402606
vegetation.shrub.puya.venusta.vswir.jpl081.jpl.asd.spectrum,0.169281127934335,0.18789906384315236,0.16120680793473835
vegetation.shrub.salvia.leucophylla.vswir.vh091.ucsb.asd.spectrum,0.1461294869960074,0.16188138000547864,0.11562774015047834
vegetation.shrub.salvia.leucophylla.vswir.vh092.ucsb.asd.spectrum,0.20177339857105503,0.2184064968678321,0.19735408565444953
vegetation.shrub.salvia.leucophylla.vswir.vh093.ucsb.asd.spectrum,0.15433575612655379,0.17487028033962118,0.09290288073196416
vegetation.shrub.salvia.leucophylla.vswir.vh094.ucsb.asd.spectrum,0.18114315861546393,0.19833311318213018,0.16772461256287194
vegetation.shrub.salvia.leucophylla.vswir.vh095.ucsb.asd.spectrum,0.1266634028502343,0.14122814539864292,0.09621950802212575
vegetation.shrub.salvia.leucophylla.vswir.vh096.ucsb.asd.spectrum,0.16814773224966031,0.18153452138152684,0.15960251096649344
vegetation.shrub.salvia.leucophylla.vswir.vh187.ucsb.asd.spectrum,0.18616003781597498,0.19882792119317116,0.12799734394996912
vegetation.shrub.salvia.leucophylla.vswir.vh188.ucsb.asd.spectrum,0.19890905857628688,0.21233699546396254,0.18268905539073646
vegetation.shrub.salvia.leucophylla.vswir.vh189.ucsb.asd.spectrum,0.1541530888929485,0.16221950827310946,0.09838014475021532
vegetation.shrub.salvia.leucophylla.vswir.vh190.ucsb.asd.spectrum,0.14722658605131944,0.15755946843727522,0.12133699491314685
vegetation.shrub.salvia.leucophylla.vswir.vh191.ucsb.asd.spectrum,0.1762640822860534,0.1786426214259048,0.10608513179775275
vegetation.shrub.salvia.leucophylla.vswir.vh192.ucsb.asd.spectrum,0.16668795427996874,0.17457880558917965,0.12779956290536076
vegetation.shrub.salvia.leucophylla.vswir.vh287.ucsb.asd.spectrum,0.1978599089433158,0.20647751135408823,0.17604378238382318
vegetation.shrub.salvia.leucophylla.vswir.vh288.ucsb.asd.spectrum,0.24553760381827497,0.2566336969362263,0.21082169043497873
vegetation.shrub.salvia.leucophylla.vswir.vh289.ucsb.asd.spectrum,0.1955446684425622,0.20051778282133093,0.15316954646139744
vegetation.shrub.umbellularia.californica.vswir.vh025.ucsb.asd.spectrum,0.0977445519634927,0.11492047796149223,0.07957940317158864
vegetation.shrub.umbellularia.californica.vswir.vh026.ucsb.asd.spectrum,0.09946207518590798,0.11454379769917034,0.08111354463387395
vegetation.shrub.umbellularia.californica.vswir.vh027.ucsb.asd.spectrum,0.08131430476288475,0.09629839280995323,0.0686918685427535
vegetation.shrub.umbellularia.californica.vswir.vh028.ucsb.asd.spectrum,0.08513503164805611,0.0976657711543074,0.061550950366136205
vegetation.shrub.umbellularia.californica.vswir.vh029.ucsb.asd.spectrum,0.11213745643277642,0.12774454064517035,0.1007378166993727
vegetation.shrub.umbellularia.californica.vswir.vh030.ucsb.asd.spectrum,0.08674194556183239,0.10114505448363795,0.0670461364402073
vegetation.shrub.umbellularia.californica.vswir.vh103.ucsb.asd.spectrum,0.11673891545966185,0.13716596630242045,0.09441623496097742
vegetation.shrub.umbellularia.californica.vswir.vh104.ucsb.asd.spectrum,0.10958185536974896,0.135458483847286,0.05674974616633296
vegetation.shrub.umbellularia.californica.vswir.vh105.ucsb.asd.spectrum,0.11109739503492772,0.1304789220083475,0.09342935920161959
vegetation.shrub.umbellularia.californica.vswir.vh106.ucsb.asd.spectrum,0.10268079113233854,0.12537992075371587,0.06921964512073323
vegetation.shrub.umbellularia.californica.vswir.vh107.ucsb.asd.spectrum,0.07922934093409424,0.09555605402889271,0.060479697992161026
vegetation.shrub.umbellularia.californica.vswir.vh108.ucsb.asd.spectrum,0.1286498583080122,0.15052582968860262,0.10693798276587532
vegetation.shrub.umbellularia.californica.vswir.vh235.ucsb.asd.spectrum,0.13913815372100763,0.16461629583768317,0.09496920533034502
vegetation.shrub.umbellularia.californica.vswir.vh236.ucsb.asd.spectrum,0.16352720167826598,0.1915406482447371,0.09881591558677238
vegetation.shrub.umbellularia.californica.vswir.vh237.ucsb.asd.spectrum,0.1745100290072214,0.20159359713808522,0.14130315009204078
vegetation.shrub.umbellularia.californica.vswir.vh238.ucsb.asd.spectrum,0.23534751512188964,0.26259838084342957,0.19561479218384029
vegetation.shrub.umbellularia.californica.vswir.vh239.ucsb.asd.spectrum,0.13350605244667968,0.15394435495950576,0.0968183082415262
vegetation.shrub.umbellularia.californica.vswir.vh240.ucsb.asd.spectrum,0.13612443625650977,0.16051645654969776,0.103233228159286
vegetation.tree.abies.concolor.vswir.vh053.ucsb.asd.spectrum,0.09422478133883816,0.10831378784269045,0.07513660442823897
vegetation.tree.abies.concolor.vswir.vh054.ucsb.asd.spectrum,0.09572472169109983,0.11425273156376338,0.07304632780164383
vegetation.tree.abies.concolor.vswir.vh063.ucsb.asd.spectrum,0.10758088516437371,0.12536954403849102,0.09678730625479658
vegetation.tree.abies.concolor.vswir.vh064.ucsb.asd.spectrum,0.11847705728278951,0.14240211042166942,0.08991590370935089
vegetation.tree.abies.concolor.vswir.vh071.ucsb.asd.spectrum,0.12138852984656846,0.1409574592330382,0.0990825712964926
vegetation.tree.abies.concolor.vswir.vh072.ucsb.asd.spectrum,0.09358926609340515,0.11130991390093685,0.07534504742652685
vegetation.tree.abies.concolor.vswir.vh149.ucsb.asd.spectrum,0.10298676497524102,0.11968881395380684,0.07714947717871024
vegetation.tree.abies.concolor.vswir.vh150.ucsb.asd.spectrum,0.08592222926698574,0.10302254641196895,0.06309710208800792
vegetation.tree.abies.concolor.vswir.vh159.ucsb.asd.spectrum,0.09266412626772183,0.10858628568361837,0.06814374832809963
vegetation.tree.abies.concolor.vswir.vh160.ucsb.asd.spectrum,0.12008575019967632,0.1431735315488977,0.09267886156929245
vegetation.tree.abies.concolor.vswir.vh167.ucsb.asd.spectrum,0.11586963407750313,0.13613723031646466,0.09165838208247078
vegetation.tree.abies.concolor.vswir.vh168.ucsb.asd.spectrum,0.08914750918544133,0.10634071339567533,0.07099395326350606
vegetation.tree.abies.concolor.vswir.vh245.ucsb.asd.spectrum,0.1315543895738291,0.15191962147775354,0.11137629671386494
vegetation.tree.abies.concolor.vswir.vh246.ucsb.asd.spectrum,0.14117774836772795,0.16701929801043577,0.11303638431185627
vegetation.tree.abies.concolor.vswir.vh256.ucsb.asd.spectrum,0.1272302099794072,0.14750524401462783,0.11071107527225171
vegetation.tree.abies.concolor.vswir.vh257.ucsb.asd.spectrum,0.14545693285803624,0.1709446452365578,0.12053952701850464
vegetation.tree.abies.concolor.vswir.vh264.ucsb.asd.spectrum,0.10714844212221142,0.12761102926466267,0.0833366524451771
vegetation.tree.abies.concolor.vswir.vh265.ucsb.asd.spectrum,0.09540779973028998,0.11264772161637955,0.0820261052845855
vegetation.tree.acacia.caven.vswir.jpl139.jpl.asd.spectrum,0.04442018747794379,0.0532195151605814,0.030343873790005565
vegetation.tree.acacia.caven.vswir.jpl140.jpl.asd.spectrum,0.03793944760279236,0.04354951392488718,0.021948697445133333
vegetation.tree.acacia.visco.vswir.jpl159.jpl.asd.spectrum,0.057796136762218946,0.07069082100363772,0.045410049737525666
vegetation.tree.acacia.visco.vswir.jpl196.jpl.asd.spectrum,0.04385811547063605,0.05079068494666797,0.04223853754166086
vegetation.tree.acer.paxii.vswir.jpl120.jpl.asd.spectrum,0.06004332760104106,0.07208036553145804,0.04750010884785667
vegetation.tree.acer.paxii.vswir.jpl225.jpl.asd.spectrum,0.06478831383390095,0.07582355337241187,0.05811250967184349
vegetation.tree.acer.pensylvanicum.vswir.acpe-1-67.ucsb.asd.spectrum,0.07839798382425384,0.09822996591378597,0.05311019808932868
vegetation.tree.acer.pensylvanicum.vswir.acpe-2-69.ucsb.asd.spectrum,0.07181455949743988,0.08812972364068235,0.05655582675699211
vegetation.tree.acer.rubrum.vswir.acru-1-13.ucsb.asd.spectrum,0.1088066171679166,0.12227356313589147,0.11019212515569249
vegetation.tree.acer.rubrum.vswir.acru-1-15.ucsb.asd.spectrum,0.08582736248735778,0.0998221907952072,0.08100301501250988
vegetation.tree.acer.rubrum.vswir.acru-2-17.ucsb.asd.spectrum,0.095652481967725,0.10857038367870274,0.09555606955794253
vegetation.tree.acer.rubrum.vswir.acru-2-19.ucsb.asd.spectrum,0.07991155408617281,0.09392496503834057,0.07432472061769423
vegetation.tree.acer.rubrum.vswir.acru-3-21.ucsb.asd.spectrum,0.09978302796002016,0.11611710881146475,0.08992953617540848
vegetation.tree.acer.rubrum.vswir.acru-3-23.ucsb.asd.spectrum,0.0916747278232465,0.10621921540348055,0.08630570719081007
vegetation.tree.aloe.bainesii.vswir.jpl057.jpl.asd.spectrum,0.08627738723953458,0.10236271059058615,0.06849145814554997
vegetation.tree.aloe.bainesii.vswir.jpl058.jpl.asd.spectrum,0.20531124091672218,0.22707034304130158,0.13575954003172375
vegetation.tree.aloe.bainesii.vswir.jpl059.jpl.asd.spectrum,0.08160029490778817,0.09642642622024046,0.048606374846655725
vegetation.tree.bambusa.beecheyana.vswir.jpl133.jpl.asd.spectrum,0.06228357263957117,0.07417736981414982,0.05704243269608092
vegetation.tree.bambusa.beecheyana.vswir.jpl134.jpl.asd.spectrum,0.0700310237275389,0.0848940600696757,0.05276890459758544
vegetation.tree.bambusa.beecheyana.vswir.jpl135.jpl.asd.spectrum,0.07399126344645382,0.08714962134786108,0.06512645802713847
vegetation.tree.bambusa.beecheyana.vswir.jpl236.jpl.asd.spectrum,0.06564410398473855,0.07908934653008655,0.056899225874052495
vegetation.tree.bambusa.beecheyana.vswir.jpl237.jpl.asd.spectrum,0.086555873031402,0.10268364737323024,0.07404605043002992
vegetation.tree.bambusa.beecheyana.vswir.jpl238.jpl.asd.spectrum,0.06161865210059574,0.07569835958184697,0.05105891981446395
vegetation.tree.bambusa.beecheyana.vswir.jpl244.jpl.asd.spectrum,0.08966552301550808,0.10368160759423789,0.08604888321985456
vegetation.tree.bambusa.beecheyana.vswir.jpl245.jpl.asd.spectrum,0.08884346024371374,0.10386353264803061,0.08234570565065798
vegetation.tree.bambusa.beecheyana.vswir.jpl246.jpl.asd.spectrum,0.07440349613656101,0.0866721889911629,0.0712299866672358
vegetation.tree.bambusa.tuldoides.vswir.jpl145.jpl.asd.spectrum,0.0913725502190045,0.10776465460360946,0.07114101967373113
vegetation.tree.bambusa.tuldoides.vswir.jpl146.jpl.asd.spectrum,0.07655426090094111,0.09130251375605868,0.060971745761262755
vegetation.tree.bambusa.tuldoides.vswir.jpl147.jpl.asd.spectrum,0.0748397935912761,0.08927916784191384,0.05713580019906935
vegetation.tree.bambusa.tuldoides.vswir.jpl214.jpl.asd.spectrum,0.07785636095005363,0.09470629437738236,0.05719858623633789
vegetation.tree.bambusa.tuldoides.vswir.jpl215.jpl.asd.spectrum,0.07882566013327609,0.09270288052691127,0.06875143707979224
vegetation.tree.bambusa.tuldoides.vswir.jpl216.jpl.asd.spectrum,0.08736387916600477,0.10094856718383084,0.07639640724808697
vegetation.tree.beaucarnea.recurvata.vswir.jpl068.jpl.asd.spectrum,0.11074739480209043,0.13260206102690072,0.0766228207044998
vegetation.tree.beaucarnea.recurvata.vswir.jpl069.jpl.asd.spectrum,0.16908870260707506,0.19979236263881814,0.09570261665125818
vegetation.tree.beaucarnea.recurvata.vswir.jpl070.jpl.asd.spectrum,0.09802678978289298,0.11519649095871662,0.07711017604122929
vegetation.tree.betula.lenta.vswir.bele-1-55.ucsb.asd.spectrum,0.054059625626350125,0.06469011492445273,0.04783500258472467
vegetation.tree.betula.lenta.vswir.bele-1-57.ucsb.asd.spectrum,0.08333882154896242,0.09879006850639314,0.07377283688100905
vegetation.tree.betula.lenta.vswir.bele-2-59.ucsb.asd.spectrum,0.10133121664006463,0.11893421123373007,0.09177068142746729
vegetation.tree.betula.lenta.vswir.bele-2-61.ucsb.asd.spectrum,0.09258348220953469,0.10882776187243012,0.082668690801048
vegetation.tree.betula.papyrifera.vswir.bepa-1-31.ucsb.asd.spectrum,0.0594755525654703,0.07059808020949557,0.051943574229501806
vegetation.tree.betula.papyrifera.vswir.bepa-1-33.ucsb.asd.spectrum,0.08389512783631553,0.09854732948294687,0.07627758393524899
vegetation.tree.betula.papyrifera.vswir.bepa-2-35.ucsb.asd.spectrum,0.09255305132983375,0.104546940436861,0.09181317110578538
vegetation.tree.betula.papyrifera.vswir.bepa-2-37.ucsb.asd.spectrum,0.06669739973519016,0.07914645588579199,0.05877311360725774
vegetation.tree.brachychiton.discolor.vswir.jpl082.jpl.asd.spectrum,0.0717351255629584,0.08120109595958075,0.06808368529057574
vegetation.tree.brachychiton.discolor.vswir.jpl083.jpl.asd.spectrum,0.06277194220862853,0.07082472237250009,0.058657941463547976
vegetation.tree.brachychiton.discolor.vswir.jpl102.jpl.asd.spectrum,0.1327079339511641,0.143914049828564,0.1425258467009132
vegetation.tree.brachychiton.rupestris.vswir.jpl084.jpl.asd.spectrum,0.08750933433282578,0.09707184279103152,0.08880047412387622
vegetation.tree.brachychiton.rupestris.vswir.jpl085.jpl.asd.spectrum,0.08487282198788398,0.09809688472470561,0.07052042707732768
vegetation.tree.brachychiton.rupestris.vswir.jpl086.jpl.asd.spectrum,0.08383549722575612,0.09499834539406904,0.08094365459668162
vegetation.tree.caesalpina.cacalaco.vswir.jpl138.jpl.asd.spectrum,0.09256666243514027,0.11457040027921123,0.061103343660809994
vegetation.tree.caesalpinia.cacalaco.vswir.jpl067.jpl.asd.spectrum,0.083587164617836,0.10106493973316433,0.06721487984394876
vegetation.tree.caesalpinia.cacalaco.vswir.jpl071.jpl.asd.spectrum,0.07896475262514392,0.09514675677981489,0.06442928690084866
vegetation.tree.caesalpinia.cacalaco.vswir.jpl241.jpl.asd.spectrum,0.08756613268205186,0.10374715351526005,0.07863364806718066
vegetation.tree.calocedrus.decurrens.vswir.vh049.ucsb.asd.spectrum,0.09677330211169446,0.11697938709099892,0.06245697556358063
vegetation.tree.calocedrus.decurrens.vswir.vh050.ucsb.asd.spectrum,0.11880134643677014,0.1458524455907928,0.06945802703732169
vegetation.tree.calocedrus.decurrens.vswir.vh055.ucsb.asd.spectrum,0.0893078541685181,0.1082566658307979,0.05904220376440728
vegetation.tree.calocedrus.decurrens.vswir.vh056.ucsb.asd.spectrum,0.10486947484168932,0.12963498766093437,0.06648095031817072
vegetation.tree.calocedrus.decurrens.vswir.vh059.ucsb.asd.spectrum,0.10885147408394419,0.12992463268011983,0.06402075597641503
vegetation.tree.calocedrus.decurrens.vswir.vh060.ucsb.asd.spectrum,0.08393811067208794,0.10110246005702156,0.05528759546464838
vegetation.tree.calocedrus.decurrens.vswir.vh145.ucsb.asd.spectrum,0.09527563015636775,0.11619161258797166,0.05815877409847679
vegetation.tree.calocedrus.decurrens.vswir.vh146.ucsb.asd.spectrum,0.12469217994844328,0.15654905519463286,0.06545461391541918
vegetation.tree.calocedrus.decurrens.vswir.vh151.ucsb.asd.spectrum,0.11753556759316697,0.1412461322623561,0.08291319274676033
vegetation.tree.calocedrus.decurrens.vswir.vh152.ucsb.asd.spectrum,0.10212093735344398,0.1292116281401923,0.06107465582666817
vegetation.tree.calocedrus.decurrens.vswir.vh155.ucsb.asd.spectrum,0.09445258823333366,0.11293905364621712,0.07234137163721821
vegetation.tree.calocedrus.decurrens.vswir.vh156.ucsb.asd.spectrum,0.0878686581746656,0.10709252395796218,0.06728860708100998
vegetation.tree.calocedrus.decurrens.vswir.vh241.ucsb.asd.spectrum,0.11912173743204789,0.14031348262581592,0.08421491347669816
vegetation.tree.calocedrus.decurrens.vswir.vh242.ucsb.asd.spectrum,0.09572634803712844,0.11296085850130584,0.06238280392229608
vegetation.tree.calocedrus.decurrens.vswir.vh247.ucsb.asd.spectrum,0.10425827924297477,0.12587138921290336,0.06966299418145352
vegetation.tree.calocedrus.decurrens.vswir.vh248.ucsb.asd.spectrum,0.10793890102517785,0.13358772291195836,0.06692009969136
vegetation.tree.calocedrus.decurrens.vswir.vh251.ucsb.asd.spectrum,0.08140953696797039,0.09718913109170864,0.05911302635248894
vegetation.tree.calocedrus.decurrens.vswir.vh252.ucsb.asd.spectrum,0.09776252291557118,0.11757908665227085,0.0698496369655746
vegetation.tree.calodendrum.capense.vswir.jpl123.jpl.asd.spectrum,0.08122770921029232,0.09251144191037022,0.075228795179732
vegetation.tree.calodendrum.capense.vswir.jpl193.jpl.asd.spectrum,0.08407223924683617,0.09618852755950598,0.07765881150546605
vegetation.tree.casimiroa.edulis.vswir.jpl144.jpl.asd.spectrum,0.05439918350217559,0.06710293354958324,0.04065014237358542
vegetation.tree.casimiroa.edulis.vswir.jpl217.jpl.asd.spectrum,0.07342323758948885,0.08639533921402891,0.06198962507990274
vegetation.tree.cassia.leptophylla.vswir.jpl092.jpl.asd.spectrum,0.0891377554007424,0.10633235481808816,0.07314098415413571
vegetation.tree.cassia.leptophylla.vswir.jpl253.jpl.asd.spectrum,0.0700379265382706,0.08115560625428077,0.06284005741579206
vegetation.tree.cassia.leptophylla.vswir.jpl254.jpl.asd.spectrum,0.08937140314073024,0.104442945684804,0.07194624111380277
vegetation.tree.cedrus.atlantica.vswir.jpl109.jpl.asd.spectrum,0.0839467820696067,0.09364308876906782,0.0858819501224026
vegetation.tree.cedrus.atlantica.vswir.jpl152.jpl.asd.spectrum,0.07550717909773662,0.0878072697115341,0.06657155517910009
vegetation.tree.cedrus.atlantica.vswir.jpl222.jpl.asd.spectrum,0.07155273093396751,0.08248416009890894,0.06483166548310368
vegetation.tree.cedrus.atlantica_glauca.vswir.jpl177.jpl.asd.spectrum,0.07723011521365353,0.08692680240483414,0.07660101947601762
vegetation.tree.cedrus.deodara.vswir.jpl103.jpl.asd.spectrum,0.053021652937260466,0.0606150029436489,0.05205463293438429
vegetation.tree.cedrus.deodara.vswir.jpl104.jpl.asd.spectrum,0.04894088555322404,0.05593977075007811,0.04875749686768828
vegetation.tree.cedrus.deodara.vswir.jpl105.jpl.asd.spectrum,0.057934421738143796,0.0680174089437635,0.0475448994432296
vegetation.tree.cedrus.deodara.vswir.jpl212.jpl.asd.spectrum,0.06155336078932562,0.07033434207115519,0.05643562200070546
vegetation.tree.cercidium.pennisulare.vswir.jpl141.jpl.asd.spectrum,0.05315602960109337,0.06301027472879771,0.04299608251757305
vegetation.tree.chorisia.insignis.vswir.jpl136.jpl.asd.spectrum,0.07008256531051739,0.08273036830682447,0.06084095017128473
vegetation.tree.chorisia.insignis.vswir.jpl240.jpl.asd.spectrum,0.07521800038773233,0.08905364417877437,0.06527803076811124
vegetation.tree.chorisia.insignis.vswir.jpl243.jpl.asd.spectrum,0.08053508321037488,0.09537245296076875,0.0606433286743581
vegetation.tree.chorisia.insignis.vswir.jpl258.jpl.asd.spectrum,0.10904294124875846,0.12675037888511428,0.09850470503784207
vegetation.tree.chorisia.speciosa.vswir.jpl137.jpl.asd.spectrum,0.09672529616752569,0.11486784997583427,0.06637833857529155
vegetation.tree.chorisia.speciosa.vswir.jpl239.jpl.asd.spectrum,0.07856785331345592,0.08952303218163167,0.07394325130468521
vegetation.tree.chorisia.speciosa.vswir.jpl242.jpl.asd.spectrum,0.1343707626432471,0.16044033465657645,0.07629298970815486
vegetation.tree.chorisia.speciosa.vswir.jpl257.jpl.asd.spectrum,0.07235120944391445,0.0854800733074867,0.055497444911646154
vegetation.tree.citharexylum.montevidense.vswir.jpl160.jpl.asd.spectrum,0.0739825359946502,0.09037134322115416,0.05086328012978518
vegetation.tree.citharexylum.montevidense.vswir.jpl200.jpl.asd.spectrum,0.05867903567276888,0.07228056498866532,0.041812446117020716
vegetation.tree.ehretia.austin-smithii.vswir.jpl172.jpl.asd.spectrum,0.08503942704602371,0.09522288480611002,0.07856024662541553
vegetation.tree.ehretia.austin-smithii.vswir.jpl210.jpl.asd.spectrum,0.0977873218132135,0.11220397911835515,0.08444077259756491
vegetation.tree.eucalyptus.ficifolia.vswir.jpl157.jpl.asd.spectrum,0.07456925480559035,0.08614854392729733,0.06058956292328665
vegetation.tree.eucalyptus.ficifolia.vswir.jpl202.jpl.asd.spectrum,0.09647934573268761,0.11090041324353792,0.07108682259805466
vegetation.tree.eucalyptus.kartzoffiana.vswir.jpl151.jpl.asd.spectrum,0.07132584319974586,0.08113463705706142,0.07242868623220285
vegetation.tree.eucalyptus.kartzoffiana.vswir.jpl221.jpl.asd.spectrum,0.08957836772719853,0.10359824318383003,0.08492373878554292
vegetation.tree.eucalyptus.maculata.vswir.jpl087.jpl.asd.spectrum,0.0668018925037638,0.07683814392505676,0.059443269402081986
vegetation.tree.eucalyptus.maculata.vswir.jpl088.jpl.asd.spectrum,0.07863734679064592,0.08779385379462792,0.07588073352157834
vegetation.tree.eucalyptus.rudis.vswir.jpl148.jpl.asd.spectrum,0.08090686850871427,0.0956114045492807,0.06998307752580113
vegetation.tree.eucalyptus.rudius.vswir.jpl218.jpl.asd.spectrum,0.0941515440627119,0.11000250620698596,0.08593603543011412
vegetation.tree.eucalyptus.saligna.vswir.jpl154.jpl.asd.spectrum,0.06417341738770228,0.07287951435936994,0.06315100110187341
vegetation.tree.eucalyptus.saligna.vswir.jpl224.jpl.asd.spectrum,0.07611392778834687,0.08636248114405713,0.07357439698589467
vegetation.tree.fagus.grandifolia.vswir.fagr-1-39.ucsb.asd.spectrum,0.0786603372895078,0.09485837198695328,0.06568201058922266
vegetation.tree.fagus.grandifolia.vswir.fagr-1-41.ucsb.asd.spectrum,0.0841875479381902,0.10017915657817396,0.07386040573182723
vegetation.tree.fagus.grandifolia.vswir.fagr-2-43.ucsb.asd.spectrum,0.12527589381246101,0.14030080828620412,0.12861144649342907
vegetation.tree.fagus.grandifolia.vswir.fagr-2-45.ucsb.asd.spectrum,0.07941298561699993,0.09351230707124154,0.07436210526142592
vegetation.tree.fagus.sylvatica_atropurpurea.vswir.jpl113.jpl.asd.spectrum,0.06452168215942433,0.06908422086947763,0.05852420708424066
vegetation.tree.fagus.sylvatica_atropurpurea.vswir.jpl180.jpl.asd.spectrum,0.0668345357376873,0.07212674356467959,0.06298192071320134
vegetation.tree.ficus.craterostoma.vswir.jpl091.jpl.asd.spectrum,0.06481542750631833,0.07823159576429872,0.05309912809115528
vegetation.tree.ficus.craterostoma.vswir.jpl158.jpl.asd.spectrum,0.14660263710191895,0.1634388371031069,0.14651669032768036
vegetation.tree.ficus.craterostoma.vswir.jpl195.jpl.asd.spectrum,0.11913925053706818,0.13419348700710215,0.11631200649633076
vegetation.tree.ficus.macrophylla_columnaris.vswir.jpl094.jpl.asd.spectrum,0.12407561109628708,0.13552116999333097,0.13428883520984797
vegetation.tree.ficus.macrophylla_columnaris.vswir.jpl095.jpl.asd.spectrum,0.09465419834561113,0.10699119382775116,0.09629931451656376
vegetation.tree.ficus.macrophylla_columnaris.vswir.jpl096.jpl.asd.spectrum,0.16225094766200668,0.1762094330549139,0.17566160521975763
vegetation.tree.ficus.platypoda.vswir.jpl122.jpl.asd.spectrum,0.11636320849198001,0.1287288937414481,0.1220721600753172
vegetation.tree.ficus.platypoda.vswir.jpl194.jpl.asd.spectrum,0.11013362841680442,0.12522608076710023,0.10659156916763565
vegetation.tree.ficus.socotrana.vswir.jpl093.jpl.asd.spectrum,0.07866933776666281,0.09302678490690393,0.06821028421739353
vegetation.tree.ficus.thonningii.vswir.jpl099.jpl.asd.spectrum,0.11731226529538248,0.12827943698491887,0.1246267718341888
vegetation.tree.ficus.thonningii.vswir.jpl100.jpl.asd.spectrum,0.0946641315516406,0.10416805300892615,0.09880372615290918
vegetation.tree.ficus.thonningii.vswir.jpl101.jpl.asd.spectrum,0.13020166760482552,0.1422499836896135,0.13739499030247024
vegetation.tree.ginkgo.biloba.vswir.jpl208.jpl.asd.spectrum,0.16646861258884627,0.18474202179141797,0.086181124444813
vegetation.tree.ginko.biloba.vswir.jpl170.jpl.asd.spectrum,0.08616218877542779,0.1035541607264507,0.061648315619886464
vegetation.tree.hetrosideros.excelsa.vswir.jpl171.jpl.asd.spectrum,0.08858733838439277,0.09854099859470174,0.0891566094484153
vegetation.tree.jacaranda.mimosifolia.vswir.jpl161.jpl.asd.spectrum,0.04102905265813305,0.050721864718863974,0.02629783254456845
vegetation.tree.jacaranda.mimosifolia.vswir.jpl167.jpl.asd.spectrum,0.044123248113473484,0.055750002465205,0.02530233203069783
vegetation.tree.jacaranda.mimosifolia.vswir.jpl168.jpl.asd.spectrum,0.057404385104167524,0.07087078969702387,0.03525010338194601
vegetation.tree.jacaranda.mimosifolia.vswir.jpl201.jpl.asd.spectrum,0.04939700661131536,0.060749984233797016,0.032775330797055774
vegetation.tree.jacaranda.mimosifolia.vswir.jpl203.jpl.asd.spectrum,0.04732188229553061,0.057372835171604644,0.036552957672478716
vegetation.tree.jacaranda.mimosifolia.vswir.jpl204.jpl.asd.spectrum,0.05189514777485108,0.06331377912007283,0.03713715233604186
vegetation.tree.lagerstroemia.indica.vswir.jpl149.jpl.asd.spectrum,0.09877886376271537,0.11986511108020581,0.04984624567142806
vegetation.tree.lagerstroemia.indica.vswir.jpl150.jpl.asd.spectrum,0.11896306730312012,0.12926888379091764,0.06070658547004687
vegetation.tree.lagerstroemia.indica.vswir.jpl219.jpl.asd.spectrum,0.10909037517352016,0.12978363955731465,0.055401467245041115
vegetation.tree.lagerstroemia.indica.vswir.jpl220.jpl.asd.spectrum,0.1612610916569512,0.17319045477397774,0.08668405383141368
vegetation.tree.lagerstroemia.indica.vswir.jpl227.jpl.asd.spectrum,0.06440513830068567,0.07661078376435002,0.045584622269442404
vegetation.tree.macadamia.integrifolia.vswir.jpl165.jpl.asd.spectrum,0.13854409160832765,0.1603108434173057,0.12167321309602788
vegetation.tree.macadamia.integrifolia.vswir.jpl205.jpl.asd.spectrum,0.08766098085589873,0.10607299074392561,0.06220682301470796
vegetation.tree.macadamia.integrifolia.vswir.jpl211.jpl.asd.spectrum,0.09622329722586036,0.11257469979459357,0.08530135284102704
vegetation.tree.magnolia.grandiflora.vswir.jpl115.jpl.asd.spectrum,0.070841045624393,0.08084858343735131,0.06584072111493089
vegetation.tree.magnolia.grandiflora.vswir.jpl116.jpl.asd.spectrum,0.14330498956148058,0.1626304279137569,0.12760017562779039
vegetation.tree.magnolia.grandiflora.vswir.jpl132.jpl.asd.spectrum,0.10185762845898211,0.11762942718585163,0.09255103816645084
vegetation.tree.magnolia.grandiflora.vswir.jpl182.jpl.asd.spectrum,0.044347858547917354,0.05389301441818528,0.03588699301750845
vegetation.tree.magnolia.grandiflora.vswir.jpl230.jpl.asd.spectrum,0.08586804002202011,0.10214765212276201,0.06686254958874381
vegetation.tree.magnolia.grandiflora.vswir.jpl231.jpl.asd.spectrum,0.03919152546711317,0.04897690338809297,0.02897386090620514
vegetation.tree.melaleuca.linariifolia.vswir.jpl162.jpl.asd.spectrum,0.10610836221959867,0.13183942435817986,0.06161938464224878
vegetation.tree.melaleuca.linariifolia.vswir.jpl163.jpl.asd.spectrum,0.055981251033731985,0.06956093279018428,0.046298909434293274
vegetation.tree.melaleuca.linariifolia.vswir.jpl164.jpl.asd.spectrum,0.0557407110415122,0.06431896647851994,0.050593997380299016
vegetation.tree.melaleuca.linariifolia.vswir.jpl197.jpl.asd.spectrum,0.1167956697482267,0.13583915788521952,0.0778233954130335
vegetation.tree.melaleuca.linariifolia.vswir.jpl198.jpl.asd.spectrum,0.05510026380712527,0.06340437347811873,0.053872388462230116
vegetation.tree.melaleuca.linariifolia.vswir.jpl199.jpl.asd.spectrum,0.05534372283537771,0.06588408184915708,0.047754656305285165
vegetation.tree.melateuca.lanceolata.vswir.jpl153.jpl.asd.spectrum,0.05693413714665371,0.06966823684811399,0.03695970148880759
vegetation.tree.melateuca.lanceolata.vswir.jpl223.jpl.asd.spectrum,0.06557770764959879,0.07923198619686923,0.04114490146139789
vegetation.tree.metrosideros.excelsa.vswir.jpl209.jpl.asd.spectrum,0.08178734686626825,0.09086987207550844,0.08356229358121432
vegetation.tree.olea.africana.vswir.jpl121.jpl.asd.spectrum,0.08920143476975309,0.1062757797660536,0.07368810590159193
vegetation.tree.olea.africana.vswir.jpl226.jpl.asd.spectrum,0.07940675423830842,0.09392018909746012,0.06602341802297516
vegetation.tree.ombu.tree.vswir.jpl166.jpl.asd.spectrum,0.058523838872909024,0.06909355765870882,0.04586552162962125
vegetation.tree.peltophorum.africanum.vswir.jpl259.jpl.asd.spectrum,0.04839008261010213,0.0557349075583238,0.04303740856053615
vegetation.tree.peltophorum.africanum.vswir.jpl260.jpl.asd.spectrum,0.04301941858801566,0.05137014962277936,0.030142442686212773
vegetation.tree.peltophorum.africanum.vswir.jpl261.jpl.asd.spectrum,0.042919283287285864,0.0519028343599082,0.03693797054899144
vegetation.tree.peltophorum.dubium.vswir.jpl169.jpl.asd.spectrum,0.047494966608613666,0.05888461570828305,0.031221274155161845
vegetation.tree.peltophorum.dubium.vswir.jpl206.jpl.asd.spectrum,0.0648379588016684,0.07862301156471231,0.04982390134186748
vegetation.tree.phyllostachys.aurea.vswir.jpl089.jpl.asd.spectrum,0.07966801939984644,0.09691517010281547,0.051963158507625666
vegetation.tree.phyllostachys.aurea.vswir.jpl090.jpl.asd.spectrum,0.08450225756953769,0.10094373062390428,0.0556960591115981
vegetation.tree.phyllostachys.vivax.vswir.jpl124.jpl.asd.spectrum,0.09159274532315233,0.10777664827792602,0.08005218369783529
vegetation.tree.phyllostachys.vivax.vswir.jpl125.jpl.asd.spectrum,0.11098642745666357,0.12613897975679356,0.1076912491335593
vegetation.tree.phyllostachys.vivax.vswir.jpl126.jpl.asd.spectrum,0.10610135759370341,0.12123761848057782,0.10180917298491228
vegetation.tree.phytolacca.dioica.vswir.jpl207.jpl.asd.spectrum,0.0632233293425095,0.07657707453239224,0.04748979332480946
vegetation.tree.pinus.lambertiana.vswir.vh051.ucsb.asd.spectrum,0.08452097907200175,0.09809129902854818,0.05708036424766
vegetation.tree.pinus.lambertiana.vswir.vh052.ucsb.asd.spectrum,0.10377151527472415,0.12159467850661619,0.07853468110035362
vegetation.tree.pinus.lambertiana.vswir.vh065.ucsb.asd.spectrum,0.07979012220623452,0.09534494995976371,0.051749915547724575
vegetation.tree.pinus.lambertiana.vswir.vh066.ucsb.asd.spectrum,0.08415409282295597,0.10072121524464012,0.06764549532266384
vegetation.tree.pinus.lambertiana.vswir.vh069.ucsb.asd.spectrum,0.09731602067287377,0.11410540245877085,0.074217451980326
vegetation.tree.pinus.lambertiana.vswir.vh070.ucsb.asd.spectrum,0.0906740214343301,0.10755530641244347,0.07941260711944541
vegetation.tree.pinus.lambertiana.vswir.vh147.ucsb.asd.spectrum,0.11501196085485725,0.13111333184244428,0.09479368514172312
vegetation.tree.pinus.lambertiana.vswir.vh148.ucsb.asd.spectrum,0.10451345472036329,0.12275540904029468,0.09384568794865901
vegetation.tree.pinus.lambertiana.vswir.vh161.ucsb.asd.spectrum,0.10053694568245468,0.1181929713222164,0.07300684043574288
vegetation.tree.pinus.lambertiana.vswir.vh162.ucsb.asd.spectrum,0.11069620175018118,0.13035287681764676,0.09031315127895904
vegetation.tree.pinus.lambertiana.vswir.vh165.ucsb.asd.spectrum,0.10348273621667838,0.11932689507551114,0.07047301727044594
vegetation.tree.pinus.lambertiana.vswir.vh166.ucsb.asd.spectrum,0.10530882241634211,0.12435317129285954,0.08669805586651871
vegetation.tree.pinus.lambertiana.vswir.vh243.ucsb.asd.spectrum,0.08401949554204995,0.09717721169793431,0.06469027082863481
vegetation.tree.pinus.lambertiana.vswir.vh244.ucsb.asd.spectrum,0.09442176426841944,0.11179056529368413,0.0693841004042182
vegetation.tree.pinus.lambertiana.vswir.vh258.ucsb.asd.spectrum,0.09354648525318432,0.10899101390547415,0.07225850704011591
vegetation.tree.pinus.lambertiana.vswir.vh259.ucsb.asd.spectrum,0.10266515029462936,0.11992059538977175,0.08437126537341258
vegetation.tree.pinus.lambertiana.vswir.vh262.ucsb.asd.spectrum,0.08921464485711586,0.10289994527770385,0.06997467114198737
vegetation.tree.pinus.lambertiana.vswir.vh263.ucsb.asd.spectrum,0.10057488792216294,0.12085064519332533,0.07573791095429958
vegetation.tree.pinus.ponderosa.vswir.vh057.ucsb.asd.spectrum,0.09800854881188406,0.11161043034652492,0.08217308308784123
vegetation.tree.pinus.ponderosa.vswir.vh058.ucsb.asd.spectrum,0.06984700743706916,0.08098930268164846,0.061877290337055746
vegetation.tree.pinus.ponderosa.vswir.vh061.ucsb.asd.spectrum,0.08586091437956649,0.09802557436794232,0.06632123338570585
vegetation.tree.pinus.ponderosa.vswir.vh062.ucsb.asd.spectrum,0.11095808296961948,0.12671427358375717,0.08438714908008739
vegetation.tree.pinus.ponderosa.vswir.vh067.ucsb.asd.spectrum,0.10012351887925151,0.11570147323781783,0.08660800559758784
vegetation.tree.pinus.ponderosa.vswir.vh068.ucsb.asd.spectrum,0.10322104347509721,0.1197418174247975,0.08350979356771865
vegetation.tree.pinus.ponderosa.vswir.vh153.ucsb.asd.spectrum,0.08245031081417105,0.09448512203427271,0.073127554184297
vegetation.tree.pinus.ponderosa.vswir.vh154.ucsb.asd.spectrum,0.15821593621800065,0.1877785675578753,0.11739449319404245
vegetation.tree.pinus.ponderosa.vswir.vh157.ucsb.asd.spectrum,0.10035462061837064,0.11593451724539473,0.08093493652799351
vegetation.tree.pinus.ponderosa.vswir.vh158.ucsb.asd.spectrum,0.15431750417730788,0.1844541199065269,0.10810571288056889
vegetation.tree.pinus.ponderosa.vswir.vh163.ucsb.asd.spectrum,0.10326227500232246,0.1190379850254713,0.08567146104304926
vegetation.tree.pinus.ponderosa.vswir.vh164.ucsb.asd.spectrum,0.13372017921729887,0.16278513846421913,0.08817301006552666
vegetation.tree.pinus.ponderosa.vswir.vh249.ucsb.asd.spectrum,0.11120362691921618,0.12631561413575543,0.08673548296470197
vegetation.tree.pinus.ponderosa.vswir.vh250.ucsb.asd.spectrum,0.09914900871116977,0.11619183528314582,0.07900178451000851
vegetation.tree.pinus.ponderosa.vswir.vh254.ucsb.asd.spectrum,0.09138496391489878,0.10574266391656859,0.07125151344411655
vegetation.tree.pinus.ponderosa.vswir.vh255.ucsb.asd.spectrum,0.10530690762681325,0.12449165193938819,0.07579420426967126
vegetation.tree.pinus.ponderosa.vswir.vh260.ucsb.asd.spectrum,0.10495220384150837,0.12133585247696138,0.08507991466178116
vegetation.tree.pinus.ponderosa.vswir.vh261.ucsb.asd.spectrum,0.10274655262515231,0.12131260920667371,0.07585665137824064
vegetation.tree.pinus.strobus.vswir.pist-1-25.ucsb.asd.spectrum,0.09386050460894556,0.11448463391758351,0.07276593786337669
vegetation.tree.pinus.strobus.vswir.pist-2-27.ucsb.asd.spectrum,0.09651112719866595,0.11858448122990137,0.06804444643582085
vegetation.tree.pinus.strobus.vswir.pist-3-29.ucsb.asd.spectrum,0.10466906057271917,0.12482899870663466,0.07983301097459795
vegetation.tree.podocarpus.gracilior.vswir.jpl127.jpl.asd.spectrum,0.11041924229721385,0.12775812466752873,0.10447271959152687
vegetation.tree.podocarpus.gracilior.vswir.jpl155.jpl.asd.spectrum,0.08378917343749737,0.09156741716541258,0.07851593983059318
vegetation.tree.podocarpus.gracilior.vswir.jpl173.jpl.asd.spectrum,0.09580111706753128,0.11298661572229535,0.08490884846830386
vegetation.tree.podocarpus.gracilior.vswir.jpl187.jpl.asd.spectrum,0.12376110754787792,0.14432160631325336,0.11332597531787222
vegetation.tree.podocarpus.gracilior.vswir.jpl188.jpl.asd.spectrum,0.1227660056499537,0.14203554515489247,0.1139440936017057
vegetation.tree.podocarpus.gracilior.vswir.jpl233.jpl.asd.spectrum,0.11261210189292564,0.13276206603062243,0.09986790973198034
vegetation.tree.prosopis.articulata.vswir.jpl142.jpl.asd.spectrum,0.03672943818921214,0.04417499426586949,0.03185065925383004
vegetation.tree.prunus.serotina.vswir.prse-1-63.ucsb.asd.spectrum,0.09067190175776259,0.11451819657759851,0.057644013599657005
vegetation.tree.prunus.serotina.vswir.prse-2-65.ucsb.asd.spectrum,0.0759482506898246,0.09303807601973738,0.06191807813654725
vegetation.tree.pyllostachys.vivax.vswir.jpl190.jpl.asd.spectrum,0.10466444051284346,0.119689962172172,0.09907266710342814
vegetation.tree.pyllostachys.vivax.vswir.jpl191.jpl.asd.spectrum,0.10772457311207548,0.12326924179417409,0.10248865663469933
vegetation.tree.pyllostachys.vivax.vswir.jpl192.jpl.asd.spectrum,0.10053939387355074,0.11629411699580544,0.0907009631357223
vegetation.tree.quercus.agrifolia.vswir.jpl108.jpl.asd.spectrum,0.07327917329210873,0.08634259272823123,0.06389531939816957
vegetation.tree.quercus.agrifolia.vswir.jpl111.jpl.asd.spectrum,0.06491845747791444,0.07439491826240949,0.06066250143626189
vegetation.tree.quercus.agrifolia.vswir.jpl112.jpl.asd.spectrum,0.05982810354404274,0.06891326377456429,0.054260999335654335
vegetation.tree.quercus.agrifolia.vswir.jpl176.jpl.asd.spectrum,0.08247148217486652,0.09571837830908202,0.07396419457358493
vegetation.tree.quercus.agrifolia.vswir.jpl179.jpl.asd.spectrum,0.08026358216709353,0.09157593509155819,0.07463960228721266
vegetation.tree.quercus.agrifolia.vswir.jpl181.jpl.asd.spectrum,0.06702165469034443,0.0769204588235291,0.06280010308096319
vegetation.tree.quercus.agrifolia.vswir.vh075.ucsb.asd.spectrum,0.05154028874756512,0.06092148336486674,0.039515991807485676
vegetation.tree.quercus.agrifolia.vswir.vh076.ucsb.asd.spectrum,0.06518193981801211,0.08064775527123101,0.043966087701528746
vegetation.tree.quercus.agrifolia.vswir.vh079.ucsb.asd.spectrum,0.08068305783543861,0.09364915225760027,0.07138548386627638
vegetation.tree.quercus.agrifolia.vswir.vh080.ucsb.asd.spectrum,0.08706235726361568,0.09866536637814494,0.08375121639841511
vegetation.tree.quercus.agrifolia.vswir.vh083.ucsb.asd.spectrum,0.05990451194601044,0.07172067580003909,0.04419822955998809
vegetation.tree.quercus.agrifolia.vswir.vh084.ucsb.asd.spectrum,0.06804298022524831,0.07985663097711332,0.05560367022577947
vegetation.tree.quercus.agrifolia.vswir.vh171.ucsb.asd.spectrum,0.04590275469487178,0.05531891923442836,0.03590916613091678
vegetation.tree.quercus.agrifolia.vswir.vh172.ucsb.asd.spectrum,0.04503399642106948,0.05359694423932856,0.03758865717815279
vegetation.tree.quercus.agrifolia.vswir.vh175.ucsb.asd.spectrum,0.10157756501798634,0.11704512991825339,0.08168340337229488
vegetation.tree.quercus.agrifolia.vswir.vh176.ucsb.asd.spectrum,0.07497882601096985,0.08855050278425869,0.05980962874358133
vegetation.tree.quercus.agrifolia.vswir.vh179.ucsb.asd.spectrum,0.07300028102757121,0.08453898352054466,0.06145642866735383
vegetation.tree.quercus.agrifolia.vswir.vh180.ucsb.asd.spectrum,0.05467984185699066,0.06442785103105317,0.044573316989578206
vegetation.tree.quercus.agrifolia.vswir.vh271.ucsb.asd.spectrum,0.09821702722176832,0.11366671219405676,0.08692951816625262
vegetation.tree.quercus.agrifolia.vswir.vh272.ucsb.asd.spectrum,0.08788137715547195,0.10287067052931353,0.0729197987469183
vegetation.tree.quercus.agrifolia.vswir.vh275.ucsb.asd.spectrum,0.11544409839312271,0.13291294615390833,0.10364828195285687
vegetation.tree.quercus.agrifolia.vswir.vh276.ucsb.asd.spectrum,0.12706095631978878,0.14694514077809004,0.11577361681604242
vegetation.tree.quercus.agrifolia.vswir.vh279.ucsb.asd.spectrum,0.17392161163414988,0.20072105749196625,0.14221403057448567
vegetation.tree.quercus.agrifolia.vswir.vh280.ucsb.asd.spectrum,0.09803765337842946,0.11593377591503586,0.07487361811835928
vegetation.tree.quercus.douglasii.vswir.vh073.ucsb.asd.spectrum,0.07897520835584866,0.09375941635127459,0.06796082862281216
vegetation.tree.quercus.douglasii.vswir.vh074.ucsb.asd.spectrum,0.08613581247939006,0.10136701160946737,0.07550173986503975
vegetation.tree.quercus.douglasii.vswir.vh077.ucsb.asd.spectrum,0.08404235519265818,0.0966146892863186,0.07860650774809837
vegetation.tree.quercus.douglasii.vswir.vh078.ucsb.asd.spectrum,0.07559952583150885,0.08849381472101327,0.06640657700929734
vegetation.tree.quercus.douglasii.vswir.vh081.ucsb.asd.spectrum,0.09416113091717766,0.11142662768170773,0.07767881384456994
vegetation.tree.quercus.douglasii.vswir.vh082.ucsb.asd.spectrum,0.09335532481507486,0.10988155312471314,0.06327083100950687
vegetation.tree.quercus.douglasii.vswir.vh169.ucsb.asd.spectrum,0.08626847683539689,0.0997330475951579,0.08084262142244214
vegetation.tree.quercus.douglasii.vswir.vh170.ucsb.asd.spectrum,0.08132003364352479,0.09406211980085669,0.07013040572469645
vegetation.tree.quercus.douglasii.vswir.vh173.ucsb.asd.spectrum,0.08593216764848947,0.09779132468367556,0.08140811911252606
vegetation.tree.quercus.douglasii.vswir.vh174.ucsb.asd.spectrum,0.08806598606622593,0.10047852787024036,0.08225560403683699
vegetation.tree.quercus.douglasii.vswir.vh177.ucsb.asd.spectrum,0.07118614529990781,0.0832113283769253,0.06403718590777019
vegetation.tree.quercus.douglasii.vswir.vh178.ucsb.asd.spectrum,0.08503563569126489,0.09796311089021865,0.07295575015618762
vegetation.tree.quercus.douglasii.vswir.vh269.ucsb.asd.spectrum,0.09208826472313573,0.10823657597591942,0.07335101569969155
vegetation.tree.quercus.douglasii.vswir.vh270.ucsb.asd.spectrum,0.21384362551479472,0.2155302276138422,0.08799209713766401
vegetation.tree.quercus.douglasii.vswir.vh273.ucsb.asd.spectrum,0.12988380265876623,0.14725512223001683,0.10326242987256432
vegetation.tree.quercus.douglasii.vswir.vh274.ucsb.asd.spectrum,0.1806613248148446,0.18841783436206877,0.0860982070927251
vegetation.tree.quercus.douglasii.vswir.vh277.ucsb.asd.spectrum,0.12836746880491576,0.14674182544099784,0.10015255242922129
vegetation.tree.quercus.douglasii.vswir.vh278.ucsb.asd.spectrum,0.23707776343788514,0.2442644161464924,0.10340674949201072
vegetation.tree.quercus.ilex.vswir.jpl114.jpl.asd.spectrum,0.08184590004352563,0.09053454676946933,0.08269519410727182
vegetation.tree.quercus.ilex.vswir.jpl232.jpl.asd.spectrum,0.09286535790781197,0.10081421020860462,0.09654051721385319
vegetation.tree.quercus.ilex.vswir.jpl255.jpl.asd.spectrum,0.07836394702660529,0.08735296697037964,0.0765970534569144
vegetation.tree.quercus.ilex.vswir.jpl256.jpl.asd.spectrum,0.07347543685643108,0.08181462738806207,0.07018513081103292
vegetation.tree.quercus.lobata.vswir.vh085.ucsb.asd.spectrum,0.10010630247817617,0.11567007831593647,0.08531531594050844
vegetation.tree.quercus.lobata.vswir.vh086.ucsb.asd.spectrum,0.08456517914723327,0.10095786728220012,0.05939886357718228
vegetation.tree.quercus.lobata.vswir.vh087.ucsb.asd.spectrum,0.12362380466891755,0.1429471296120504,0.10884591169629707
vegetation.tree.quercus.lobata.vswir.vh088.ucsb.asd.spectrum,0.11632851570924015,0.13486676078484605,0.09805682234043757
vegetation.tree.quercus.lobata.vswir.vh089.ucsb.asd.spectrum,0.1251997114856854,0.14432920672316454,0.11070951170384877
vegetation.tree.quercus.lobata.vswir.vh090.ucsb.asd.spectrum,0.11640039608163102,0.13528135813032718,0.10336296629239786
vegetation.tree.quercus.lobata.vswir.vh181.ucsb.asd.spectrum,0.08033953899663275,0.09124457856601287,0.07566503006142229
vegetation.tree.quercus.lobata.vswir.vh182.ucsb.asd.spectrum,0.07693699313966948,0.08681880850168036,0.06881916418729794
vegetation.tree.quercus.lobata.vswir.vh183.ucsb.asd.spectrum,0.11543963418759533,0.13398945233765108,0.10095634049126702
vegetation.tree.quercus.lobata.vswir.vh184.ucsb.asd.spectrum,0.09249633208836032,0.10847070619650505,0.07420746015385242
vegetation.tree.quercus.lobata.vswir.vh185.ucsb.asd.spectrum,0.08535497375925133,0.09838315563542438,0.07627046791159399
vegetation.tree.quercus.lobata.vswir.vh186.ucsb.asd.spectrum,0.08448874386741256,0.09871962971883533,0.07259842069750566
vegetation.tree.quercus.lobata.vswir.vh281.ucsb.asd.spectrum,0.09560672905897735,0.10544048861976991,0.08430190537016853
vegetation.tree.quercus.lobata.vswir.vh282.ucsb.asd.spectrum,0.2693526536265967,0.28220186775979494,0.13830293399171456
vegetation.tree.quercus.lobata.vswir.vh283.ucsb.asd.spectrum,0.1292857358182374,0.14789804566178422,0.11301162523764033
vegetation.tree.quercus.lobata.vswir.vh284.ucsb.asd.spectrum,0.23488006307877088,0.2556360064626065,0.12578024704862137
vegetation.tree.quercus.lobata.vswir.vh285.ucsb.asd.spectrum,0.13549776006096736,0.15416650259753004,0.12516315768583297
vegetation.tree.quercus.lobata.vswir.vh286.ucsb.asd.spectrum,0.136109702264216,0.14989491818456838,0.08255941805151294
vegetation.tree.quercus.robur.vswir.jpl110.jpl.asd.spectrum,0.058733203412363114,0.06671834008080926,0.05567340656747296
vegetation.tree.quercus.robur.vswir.jpl178.jpl.asd.spectrum,0.06505706224037555,0.07760440737791319,0.05381830271503674
vegetation.tree.quercus.robur.vswir.jpl247.jpl.asd.spectrum,0.06857264873775688,0.07647032320946918,0.07186661611315538
vegetation.tree.quercus.robur.vswir.jpl250.jpl.asd.spectrum,0.07652755516100529,0.09130344429012795,0.06355442061093576
vegetation.tree.quercus.rubra.vswir.jpl156.jpl.asd.spectrum,0.14421082857841466,0.16480187233896423,0.13675052575723778
vegetation.tree.quercus.rubra.vswir.jpl189.jpl.asd.spectrum,0.07845365662205556,0.08714050435299163,0.06830549381694385
vegetation.tree.quercus.rubra.vswir.quru-1-1.ucsb.asd.spectrum,0.07098056173714519,0.08340604388107027,0.06242433972960126
vegetation.tree.quercus.rubra.vswir.quru-1-3.ucsb.asd.spectrum,0.08984371857039682,0.10333213307629707,0.08613191870122461
vegetation.tree.quercus.rubra.vswir.quru-2-5.ucsb.asd.spectrum,0.09693823756534728,0.11286398752675077,0.08449682116477672
vegetation.tree.quercus.rubra.vswir.quru-2-7.ucsb.asd.spectrum,0.07191060594243459,0.0867478084414011,0.056518549046959236
vegetation.tree.quercus.rubra.vswir.quru-3-11.ucsb.asd.spectrum,0.08884096544373532,0.10317357913260343,0.075331857467265
vegetation.tree.quercus.rubra.vswir.quru-3-9.ucsb.asd.spectrum,0.0548934718251918,0.0658132052512385,0.04611630843963025
vegetation.tree.quercus.suber.vswir.jpl106b.jpl.asd.spectrum,0.08265906141745448,0.09366048261757288,0.07181734040457532
vegetation.tree.quercus.suber.vswir.jpl175.jpl.asd.spectrum,0.09056066053127801,0.1023076109957534,0.08485463542766394
vegetation.tree.quercus.suber.vswir.jpl248.jpl.asd.spectrum,0.08692358819375685,0.09957941189704257,0.08231466748812895
vegetation.tree.quercus.suber.vswir.jpl249.jpl.asd.spectrum,0.07293877110604012,0.08351232912046522,0.06858267080765505
vegetation.tree.quercus.virginana.vswir.jpl107.jpl.asd.spectrum,0.09180961620262745,0.10308821333795638,0.08937703964842669
vegetation.tree.quercus.virginana.vswir.jpl128.jpl.asd.spectrum,0.08983748816806127,0.10068722430903632,0.09197223192765411
vegetation.tree.quercus.virginana.vswir.jpl174.jpl.asd.spectrum,0.09974822276338835,0.11264482122004824,0.09523827647807656
vegetation.tree.quercus.virginana.vswir.jpl186.jpl.asd.spectrum,0.09683253443749043,0.10921155169941922,0.09523988426591753
vegetation.tree.quercus.virginana.vswir.jpl234.jpl.asd.spectrum,0.09721062674708221,0.10888630264757598,0.09784830323581094
vegetation.tree.rubus.occidentalis.vswir.ruoc-1-71.ucsb.asd.spectrum,0.08036418895840185,0.10227652748634267,0.053488973290410316
vegetation.tree.rubus.occidentalis.vswir.ruoc-1-73.ucsb.asd.spectrum,0.07331508267121463,0.09296151013740406,0.052613798683506616
vegetation.tree.salix.babylonica.vswir.jpl129.jpl.asd.spectrum,0.07543974864835097,0.08986506140271561,0.06250324997668703
vegetation.tree.salix.babylonica.vswir.jpl130.jpl.asd.spectrum,0.07386868699708582,0.08759802949747313,0.06345567341460027
vegetation.tree.salix.babylonica.vswir.jpl131.jpl.asd.spectrum,0.07650108067639852,0.08719979753583192,0.07164612971681687
vegetation.tree.salix.babylonica.vswir.jpl183.jpl.asd.spectrum,0.07238987165510129,0.08165454139316372,0.07140793027837827
vegetation.tree.salix.babylonica.vswir.jpl184.jpl.asd.spectrum,0.078255330962875,0.09251541987827482,0.06928971708673118
vegetation.tree.salix.babylonica.vswir.jpl185.jpl.asd.spectrum,0.07335634079735397,0.08258965902719557,0.07183952462888563
vegetation.tree.taxodium.mucronatum.vswir.jpl117.jpl.asd.spectrum,0.05621023875187457,0.06726807898206522,0.036151400979054366
vegetation.tree.taxodium.mucronatum.vswir.jpl118.jpl.asd.spectrum,0.0606011721367603,0.07390618663259475,0.04287789241724442
vegetation.tree.taxodium.mucronatum.vswir.jpl119.jpl.asd.spectrum,0.06465864733699822,0.0769842625575351,0.037022356804517924
vegetation.tree.taxodium.mucronatum.vswir.jpl213.jpl.asd.spectrum,0.05521322251850797,0.06722777821762915,0.0383160672350975
vegetation.tree.taxodium.mucronatum.vswir.jpl228.jpl.asd.spectrum,0.07071047491900866,0.08390466735919386,0.04662418210231723
vegetation.tree.taxodium.mucronatum.vswir.jpl229.jpl.asd.spectrum,0.10439390688005729,0.1199925015875023,0.05981265486476081
vegetation.tree.tipuana.tipu.vswir.jpl235.jpl.asd.spectrum,0.06754524459194616,0.07979259694254022,0.0670344773975348
vegetation.tree.tipuana.tipu.vswir.jpl251.jpl.asd.spectrum,0.06274200407555011,0.07586998909110435,0.05127558587276451
vegetation.tree.tipuana.tipu.vswir.jpl252.jpl.asd.spectrum,0.06495095934121448,0.07764645813707714,0.0549086146097003
vegetation.tree.tsuga.canadensis.vswir.tsca-1-47.ucsb.asd.spectrum,0.03929901640600659,0.048939834573448505,0.027715110537465733
vegetation.tree.tsuga.canadensis.vswir.tsca-1-49.ucsb.asd.spectrum,0.05567542215275039,0.06791451579586322,0.04515318889225473
vegetation.tree.tsuga.canadensis.vswir.tsca-2-51.ucsb.asd.spectrum,0.05228529024652222,0.06289123428111747,0.041787687034267204
vegetation.tree.tsuga.canadensis.vswir.tsca-2-53.ucsb.asd.spectrum,0.04099327061081266,0.05105015880064472,0.030570829875429823
vegetation.tree.unknown.unknown.all.conifer.jhu.becknic.spectrum,0.06434799617971128,0.08138065832583824,0.054410742263056776
vegetation.tree.unknown.unknown.all.deciduous.jhu.becknic.spectrum,0.06910845481534313,0.08462041101255537,0.06493292309505852
vegetation.tree.uvularia.sessifolia.vswir.uvse-1-75.ucsb.asd.spectrum,0.05104301013344462,0.06654636370323162,0.02945112878906884
vegetation.tree.uvularia.sessifolia.vswir.uvse-2-77.ucsb.asd.spectrum,0.05906842503279402,0.0761946773639348,0.036687102876697776
water.frost.none.fine.all.frost_snw_.jhu.becknic.spectrum,0.9429747995043285,0.9930384974675517,1.0826229159374985
water.ice.none.solid.all.ice_dat_.jhu.becknic.spectrum,0.017193096400509842,0.01809954078399905,0.02020669594898486
water.snow.coarsegranular.coarse.all.coarse_snw_.jhu.becknic.spectrum,0.9174741081674596,0.969549005803074,1.0634991864103025
water.snow.finegranular.fine.all.fine_snw_.jhu.becknic.spectrum,0.9384754862730714,0.9889535710477872,1.0795876937461177
water.snow.mediumgranular.medium.all.medgran_snw_.jhu.becknic.spectrum,0.9283203082963116,0.979493336378671,1.0718296049614804
